id,device_id_id,temperature,humidity,atm_pressure,light_intensity,nh3,co,co2,o3,c5h5,cov,inflamables,picture,time
1,1,18.56,31.29,1014.66,765.49,7.12,8.56,6.83,1.52,2.67,0.93,8.83,,2024-09-08 21:53:57.901377+00:00
2,1,15.35,37.55,1042.22,867.95,9.83,8.61,7.43,3.89,2.43,3.58,5.26,,2024-09-08 21:54:02.985691+00:00
3,1,26.92,35.18,990.57,686.67,0.08,8.65,5.62,4.22,1.55,4.06,2.29,,2024-09-08 21:54:08.129054+00:00
4,1,18.15,82.81,1027.98,682.66,3.31,1.91,8.59,0.75,0.2,3.25,9.49,,2024-09-08 21:54:13.309731+00:00
5,1,28.65,62.03,1021.55,265.29,5.37,3.8,4.67,5.95,7.53,1.57,3.54,,2024-09-08 21:54:18.333031+00:00
6,1,19.4,72.71,963.81,637.37,4.44,8.45,7.74,8.61,1.64,3.08,9.98,,2024-09-08 21:54:23.356461+00:00
7,1,20.95,54.25,1026.91,285.61,8.7,8.09,5.46,7.24,6.8,9.55,8.91,,2024-09-08 21:54:28.379853+00:00
8,1,17.63,56.25,1034.62,93.47,6.49,2.21,6.47,3.72,6.64,0.7,9.56,,2024-09-08 21:54:33.400677+00:00
9,1,18.85,47.59,1008.24,482.07,7.76,5.78,3.56,0.22,6.28,2.85,0.21,,2024-09-08 21:54:38.423588+00:00
10,1,20.82,37.33,965.36,798.5,8.26,9.15,2.74,1.28,9.42,7.99,5.0,,2024-09-08 21:54:43.446810+00:00
11,1,20.52,77.65,1010.41,992.76,7.86,0.09,0.45,3.3,5.75,4.79,0.79,,2024-09-08 21:54:48.469157+00:00
12,1,19.56,82.42,1008.72,18.58,2.3,1.45,7.38,3.89,0.01,9.77,3.36,,2024-09-08 21:54:53.496507+00:00
13,1,18.08,63.62,975.16,992.08,9.49,1.89,9.06,5.49,8.83,9.5,7.56,,2024-09-08 21:54:58.517359+00:00
14,1,25.95,48.28,994.94,730.17,3.12,4.31,6.49,0.75,7.21,2.26,7.03,,2024-09-08 21:55:03.539120+00:00
15,1,24.32,71.5,985.94,996.5,7.23,1.83,7.13,0.27,7.08,3.39,5.26,,2024-09-08 21:55:08.636568+00:00
16,1,28.36,77.23,1041.65,771.36,3.72,1.86,7.45,1.31,1.61,7.42,5.31,,2024-09-09 00:02:23.557882+00:00
17,1,25.1,32.71,1046.31,947.67,9.42,8.2,6.89,8.6,7.03,2.99,7.87,,2024-09-09 00:02:28.628006+00:00
18,1,22.71,87.07,1041.87,532.95,8.09,1.83,0.52,0.47,8.61,2.7,8.3,,2024-09-09 00:02:33.764606+00:00
19,1,15.43,89.09,985.88,225.21,5.93,6.85,3.53,0.48,0.62,9.87,4.56,,2024-09-09 00:02:38.942301+00:00
20,1,16.78,79.29,1034.43,928.99,5.19,7.43,9.98,0.8,3.72,4.94,3.08,,2024-09-09 00:02:43.965337+00:00
21,1,18.92,88.13,998.92,452.3,2.17,0.32,0.43,0.51,4.7,0.24,8.05,,2024-09-09 00:02:48.990128+00:00
22,1,27.99,79.49,1028.35,31.73,9.39,7.5,2.85,5.5,0.89,0.79,5.5,,2024-09-09 00:02:54.019629+00:00
23,1,26.15,56.32,962.78,223.11,3.32,6.28,4.09,3.22,3.25,3.09,1.99,,2024-09-09 00:02:59.071603+00:00
24,1,19.12,54.79,997.12,674.69,7.74,7.35,3.43,9.95,8.26,3.9,4.29,,2024-09-09 00:03:04.133625+00:00
25,1,16.41,47.28,992.24,615.92,1.99,0.01,7.73,4.27,8.9,3.5,3.37,,2024-09-09 00:03:09.186031+00:00
26,1,18.11,32.59,1041.88,438.76,5.46,5.72,2.97,2.47,6.72,0.99,1.28,,2024-09-09 00:03:14.220783+00:00
27,1,20.95,71.21,960.53,932.78,9.3,5.53,0.31,5.06,3.65,0.82,2.32,,2024-09-09 00:03:19.255140+00:00
28,1,26.79,87.63,962.69,780.86,5.27,1.28,6.07,3.18,2.63,7.78,1.14,,2024-09-09 00:03:24.295010+00:00
29,1,20.32,73.86,1005.67,59.16,5.66,5.09,2.37,2.9,5.5,4.67,3.39,,2024-09-09 00:03:29.324725+00:00
30,1,22.59,80.98,1043.65,754.27,0.41,7.14,4.24,6.74,6.05,0.66,0.28,,2024-09-09 00:03:34.367904+00:00
31,1,24.65,79.97,1007.64,747.43,5.86,9.92,3.26,4.03,2.67,7.05,5.6,,2024-09-09 00:03:39.431116+00:00
32,1,28.4,77.02,972.23,918.33,8.98,7.81,2.23,9.84,7.95,5.88,8.99,,2024-09-09 00:03:44.455243+00:00
33,1,26.27,55.32,965.97,56.69,2.11,0.5,2.5,9.83,2.41,2.58,9.06,,2024-09-09 00:03:49.477790+00:00
34,1,28.66,73.8,977.33,37.12,5.73,1.1,1.98,6.52,1.43,1.1,9.72,,2024-09-09 00:03:54.558145+00:00
35,1,26.04,41.38,1010.43,465.21,8.82,8.9,4.61,8.58,9.9,5.88,3.74,,2024-09-09 00:03:59.606923+00:00
36,1,18.98,67.92,1027.9,660.14,2.59,3.89,9.92,4.43,6.0,6.24,3.19,,2024-09-09 00:04:04.629607+00:00
37,1,21.88,78.76,978.32,557.66,7.54,2.48,5.73,2.65,5.44,9.36,1.58,,2024-09-09 00:04:09.728325+00:00
38,1,18.91,77.57,1021.02,237.89,1.46,4.36,8.54,0.67,7.73,4.41,6.4,,2024-09-09 00:04:14.818258+00:00
39,1,16.47,48.77,1037.91,625.41,1.72,8.08,2.49,9.57,2.81,4.51,6.88,,2024-09-09 00:04:20.054100+00:00
40,1,23.53,30.93,1049.11,390.56,5.23,4.96,0.59,9.11,6.2,8.04,9.9,,2024-09-09 00:04:25.089562+00:00
41,1,22.38,50.89,961.69,954.16,9.87,1.0,4.06,9.04,6.37,4.44,4.85,,2024-09-09 00:04:30.117912+00:00
42,1,24.32,82.33,1000.79,28.2,8.38,5.33,5.84,1.31,6.61,8.45,2.89,,2024-09-09 00:04:35.144094+00:00
43,1,29.07,50.58,963.97,428.38,7.87,9.78,0.65,7.82,8.72,1.77,4.94,,2024-09-09 00:04:40.175502+00:00
44,1,18.53,55.76,1020.05,844.85,4.39,5.04,8.14,7.95,5.76,9.12,3.32,,2024-09-09 00:04:45.206349+00:00
45,1,29.17,70.21,1010.5,551.14,7.84,5.04,8.55,6.89,0.17,0.34,8.01,,2024-09-09 00:04:50.230585+00:00
46,1,21.3,31.68,1044.47,300.88,7.26,3.79,9.81,6.65,5.46,7.85,6.83,,2024-09-09 00:04:55.261878+00:00
47,1,18.45,37.95,1017.2,62.84,9.63,8.12,4.67,1.88,5.79,1.66,2.66,,2024-09-09 00:05:00.289909+00:00
48,1,20.41,34.25,966.08,475.21,9.17,1.35,7.81,5.39,4.12,9.36,0.02,,2024-09-09 00:05:05.314806+00:00
49,1,19.92,37.28,1016.56,955.32,2.73,2.78,2.67,8.55,1.15,9.87,2.12,,2024-09-09 00:05:10.364623+00:00
50,1,26.37,46.28,990.62,182.42,7.31,6.28,5.98,7.97,1.41,2.23,8.96,,2024-09-09 00:05:15.454876+00:00
51,1,22.42,86.4,1049.52,690.21,5.56,5.94,1.85,0.28,0.68,5.61,4.32,,2024-09-09 00:05:20.591443+00:00
52,1,17.55,73.1,994.0,940.28,0.7,2.38,7.72,9.36,1.17,2.24,9.48,,2024-09-09 00:05:25.748226+00:00
53,1,18.85,46.51,1006.88,395.22,4.49,1.65,1.59,1.44,9.94,5.1,5.29,,2024-09-09 00:05:30.777756+00:00
54,1,22.08,60.76,1019.75,247.77,5.85,5.54,2.81,2.68,4.5,1.45,3.81,,2024-09-09 00:05:35.884908+00:00
55,1,15.51,73.65,1023.02,932.59,8.16,2.37,7.2,4.03,4.12,5.72,7.24,,2024-09-09 00:05:40.989139+00:00
56,1,28.98,38.39,1037.48,295.47,1.21,6.87,1.59,6.44,4.21,3.79,2.57,,2024-09-09 00:05:46.048461+00:00
57,1,17.32,79.77,951.97,206.62,8.3,9.64,4.44,8.47,4.46,7.46,9.7,,2024-09-09 00:05:51.079475+00:00
58,1,22.75,81.38,992.52,392.49,7.41,6.4,2.45,3.99,0.92,4.87,8.68,,2024-09-09 00:05:56.251599+00:00
59,1,15.5,60.02,975.48,78.87,6.26,6.09,9.52,7.09,3.08,6.97,7.36,,2024-09-09 00:06:01.453917+00:00
60,1,15.22,74.74,1033.08,38.39,4.01,2.62,2.49,7.67,0.39,8.6,9.02,,2024-09-09 00:06:06.626967+00:00
61,1,18.38,49.4,1037.08,250.57,1.06,6.16,6.75,9.14,1.64,0.98,4.22,,2024-09-09 00:06:11.831877+00:00
62,1,18.55,87.6,994.85,648.87,4.73,8.66,6.5,1.58,2.08,5.69,0.03,,2024-09-09 00:06:16.881566+00:00
63,1,16.62,37.52,1044.95,670.96,5.49,8.15,8.75,8.7,3.11,5.06,3.38,,2024-09-09 00:06:21.980997+00:00
64,1,28.5,84.01,980.99,306.93,6.08,1.75,8.55,8.51,5.95,1.87,9.54,,2024-09-09 00:06:27.074771+00:00
65,1,26.02,42.58,995.57,0.75,8.12,0.67,5.4,3.5,8.87,4.39,4.05,,2024-09-09 00:06:32.160461+00:00
66,1,15.48,37.71,1030.94,199.84,9.42,5.48,8.7,4.99,8.17,5.09,9.56,,2024-09-09 00:06:37.209603+00:00
67,1,26.82,83.46,991.2,413.52,5.68,1.7,6.71,0.19,8.32,1.4,4.07,,2024-09-09 00:06:42.273975+00:00
68,1,16.88,69.68,985.46,162.07,9.85,9.28,6.82,8.5,2.19,5.19,0.64,,2024-09-09 00:06:47.315368+00:00
69,1,25.7,38.71,963.83,26.28,0.14,7.33,5.75,1.83,6.73,3.23,5.08,,2024-09-09 00:06:52.370821+00:00
70,1,26.49,61.06,1033.1,892.19,3.78,7.5,2.75,4.41,7.83,2.08,5.84,,2024-09-09 00:06:57.572144+00:00
71,1,15.67,44.63,996.78,233.59,9.52,7.96,4.09,3.13,9.01,4.84,0.08,,2024-09-09 00:07:02.737609+00:00
72,1,19.69,72.11,1041.47,64.19,3.31,3.89,5.44,7.33,5.31,8.24,7.66,,2024-09-09 00:07:07.806278+00:00
73,1,22.74,43.89,1000.53,50.17,5.28,5.7,5.35,0.65,5.68,8.38,8.5,,2024-09-09 00:07:12.887222+00:00
74,1,17.56,47.05,978.03,914.4,2.73,8.75,2.67,7.63,8.5,1.14,9.26,,2024-09-09 00:07:18.016150+00:00
75,1,19.4,46.39,966.56,509.45,3.55,5.98,3.01,1.48,0.36,1.11,7.95,,2024-09-09 00:07:23.069313+00:00
76,1,16.15,42.42,991.29,878.51,1.72,3.67,3.08,2.01,6.67,2.41,1.08,,2024-09-09 00:07:28.096100+00:00
77,1,20.46,60.94,956.47,640.84,2.99,0.21,7.09,1.46,7.64,6.3,6.03,,2024-09-09 00:07:33.127267+00:00
78,1,23.23,50.66,999.35,582.33,5.28,3.78,4.76,3.29,3.29,5.13,2.9,,2024-09-09 00:07:38.162394+00:00
79,1,16.63,43.67,1015.6,491.55,6.71,4.44,5.3,6.87,3.58,6.55,0.17,,2024-09-09 00:07:43.187821+00:00
80,1,26.06,48.9,1045.89,637.51,3.09,7.87,5.33,0.82,9.82,7.46,1.72,,2024-09-09 00:07:48.247273+00:00
81,1,23.1,55.4,953.11,190.22,6.82,1.56,2.16,6.32,2.14,7.38,1.55,,2024-09-09 00:07:53.273295+00:00
82,1,28.64,61.98,985.94,289.76,5.56,4.85,1.53,7.38,1.41,3.02,4.68,,2024-09-09 00:08:19.955031+00:00
83,1,19.46,34.96,1011.79,26.16,6.95,5.74,3.15,3.12,7.07,9.5,3.83,,2024-09-09 00:08:25.061033+00:00
84,1,21.76,33.73,991.33,716.13,0.06,7.17,6.73,0.74,9.19,4.01,5.53,,2024-09-09 00:08:30.088519+00:00
85,1,22.49,55.42,950.44,995.98,4.42,4.02,3.93,2.27,5.61,4.21,1.24,,2024-09-09 00:08:35.176441+00:00
86,1,19.56,88.78,958.83,209.18,0.33,8.26,1.43,4.21,2.72,4.49,6.01,,2024-09-09 00:08:40.280669+00:00
87,1,29.83,45.75,1008.97,12.91,6.56,1.86,9.59,4.99,4.43,3.76,4.63,,2024-09-09 00:08:45.312487+00:00
88,1,26.2,72.04,964.06,790.26,8.36,5.33,4.96,6.26,5.95,3.05,8.58,,2024-09-09 00:08:50.375421+00:00
89,1,15.28,46.28,999.99,820.68,1.89,9.17,5.01,7.32,5.46,6.42,0.69,,2024-09-09 00:08:55.706435+00:00
90,1,20.49,46.26,1045.38,158.16,6.9,1.97,3.56,6.67,1.08,4.31,4.6,,2024-09-09 00:09:01.085159+00:00
91,1,24.47,66.56,951.5,430.34,8.56,0.99,0.49,2.19,6.82,9.92,2.75,,2024-09-09 00:09:06.169433+00:00
92,1,19.69,35.23,1007.76,108.15,0.85,2.63,6.34,7.74,2.13,4.42,4.74,,2024-09-09 00:09:11.234926+00:00
93,1,26.25,72.84,1012.4,998.53,9.44,9.9,1.21,0.12,6.11,1.41,0.27,,2024-09-09 00:09:16.321050+00:00
94,1,18.35,80.35,962.34,803.69,2.55,0.2,2.53,6.73,10.0,9.42,6.68,,2024-09-09 00:09:21.479835+00:00
95,1,24.88,77.28,1042.35,867.34,6.09,2.49,4.83,1.67,7.52,4.85,0.37,,2024-09-09 00:09:26.652636+00:00
96,1,18.18,53.56,1017.66,475.59,1.74,9.76,6.61,2.74,3.52,4.85,6.25,,2024-09-09 00:09:32.295278+00:00
97,1,19.98,69.01,988.65,436.46,2.41,8.87,4.01,7.13,7.66,3.6,4.89,,2024-09-09 00:09:37.745894+00:00
98,1,17.47,70.12,956.07,585.5,8.81,3.35,6.52,5.52,1.16,0.23,3.17,,2024-09-09 00:09:42.770623+00:00
99,1,24.54,41.6,998.05,369.38,7.01,8.72,6.19,5.25,0.18,2.32,7.6,,2024-09-09 00:09:47.829431+00:00
100,1,25.68,55.38,977.08,162.63,1.51,9.35,4.37,4.76,3.62,2.45,1.65,,2024-09-09 00:09:52.939970+00:00
101,1,28.5,60.47,1000.04,553.8,0.88,7.48,5.72,2.1,4.61,9.31,9.43,,2024-09-09 00:09:57.983889+00:00
102,1,29.08,54.51,964.84,534.76,9.63,0.89,0.92,2.91,0.53,6.88,5.62,,2024-09-09 00:10:03.047029+00:00
103,1,16.73,62.07,964.2,459.51,2.53,4.84,2.32,6.74,7.05,4.92,1.37,,2024-09-09 00:10:08.270686+00:00
104,1,26.64,80.91,1038.33,437.36,2.98,5.57,0.71,8.0,9.19,1.45,7.09,,2024-09-09 00:10:13.524674+00:00
105,1,15.77,88.15,954.67,455.43,8.23,5.3,1.6,7.54,9.08,2.49,2.95,,2024-09-09 00:10:18.665796+00:00
106,1,23.19,36.54,959.39,424.61,7.86,5.98,8.82,2.54,5.25,0.97,0.39,,2024-09-09 00:10:23.928798+00:00
107,1,27.77,84.72,952.87,362.89,6.31,7.5,6.81,2.5,5.27,5.84,7.7,,2024-09-09 00:10:29.283709+00:00
108,1,21.15,56.27,1039.52,143.18,4.63,3.89,5.86,6.53,5.66,9.47,7.51,,2024-09-09 00:10:34.561454+00:00
109,1,15.73,56.26,980.54,849.51,9.68,7.66,0.15,2.61,9.77,1.45,7.09,,2024-09-09 00:10:40.124553+00:00
110,1,17.02,39.51,1022.77,344.55,7.22,9.68,5.97,5.46,5.78,0.93,9.89,,2024-09-09 00:10:45.222584+00:00
111,1,28.06,78.68,1021.93,659.45,7.49,1.94,6.6,9.88,2.66,5.2,8.92,,2024-09-09 00:10:50.483919+00:00
112,1,17.65,41.61,996.87,277.82,8.76,9.0,3.42,5.66,6.2,2.33,2.53,,2024-09-09 00:10:55.713355+00:00
113,1,28.23,43.31,955.44,58.78,8.26,3.38,6.38,5.63,9.66,2.6,6.5,,2024-09-09 00:11:00.896617+00:00
114,1,17.45,79.41,983.4,196.29,3.98,4.95,0.52,3.78,1.03,3.16,8.73,,2024-09-09 00:11:06.054939+00:00
115,1,23.24,83.41,1017.22,649.27,7.95,5.53,2.18,5.36,5.99,4.42,5.17,,2024-09-09 00:11:11.129497+00:00
116,1,20.02,82.76,1004.36,978.67,1.21,9.06,1.18,2.05,7.33,4.21,5.42,,2024-09-09 00:11:16.172747+00:00
117,1,18.85,84.28,966.23,836.79,2.98,6.92,3.06,8.52,2.28,9.66,8.16,,2024-09-09 00:11:21.203036+00:00
118,1,21.52,61.12,976.51,475.45,9.67,9.55,5.38,1.96,3.17,2.85,7.92,,2024-09-09 00:11:26.228894+00:00
119,1,20.95,89.83,970.25,736.9,1.0,5.8,2.38,1.67,0.48,5.14,3.44,,2024-09-09 00:11:31.258234+00:00
120,1,21.98,76.93,987.37,191.36,7.61,9.62,8.76,7.21,4.09,5.65,4.47,,2024-09-09 00:11:36.302807+00:00
121,1,24.32,46.0,960.44,419.53,1.18,4.15,7.99,2.35,7.49,7.71,1.35,,2024-09-09 00:11:41.337155+00:00
122,1,25.76,72.92,1012.87,531.43,4.1,0.41,1.38,8.13,4.94,7.33,8.7,,2024-09-09 00:11:46.360202+00:00
123,1,19.47,54.28,974.91,998.27,3.87,8.73,7.94,4.13,5.07,5.28,0.19,,2024-09-09 00:11:51.490802+00:00
124,1,21.73,30.61,985.23,77.85,8.29,8.72,7.57,1.1,7.12,3.64,6.13,,2024-09-09 00:11:56.604011+00:00
125,1,29.82,39.2,992.15,456.6,10.0,8.5,2.65,3.51,9.42,2.45,9.65,,2024-09-09 00:12:01.637283+00:00
126,1,22.99,32.9,988.07,906.64,1.04,3.75,9.02,9.44,5.46,9.77,9.46,,2024-09-09 00:12:06.664244+00:00
127,1,24.86,47.28,969.68,990.6,2.05,4.21,2.08,3.0,9.5,5.07,2.32,,2024-09-09 00:12:11.691449+00:00
128,1,26.85,40.73,984.83,404.79,5.37,0.41,2.93,7.0,1.18,3.05,2.31,,2024-09-09 00:12:16.738985+00:00
129,1,21.56,34.02,1021.69,188.36,1.81,8.21,6.19,0.55,5.67,4.45,5.18,,2024-09-09 00:12:21.893070+00:00
130,1,16.92,34.05,1023.37,214.09,0.7,6.09,2.39,4.87,8.74,2.49,1.94,,2024-09-09 00:12:27.069105+00:00
131,1,21.41,64.04,979.51,186.11,6.46,6.81,3.47,2.95,7.82,9.57,8.05,,2024-09-09 00:12:32.236291+00:00
132,1,15.56,31.73,968.85,62.34,5.66,2.42,3.85,6.57,4.81,3.05,9.84,,2024-09-09 00:12:37.265960+00:00
133,1,16.22,65.75,999.43,2.73,4.18,9.64,1.43,7.37,10.0,8.16,5.2,,2024-09-09 00:12:42.298050+00:00
134,1,21.24,73.27,968.06,498.63,9.52,4.83,3.79,1.15,5.81,7.23,2.08,,2024-09-09 00:12:47.321361+00:00
135,1,24.48,32.38,1028.16,192.9,5.97,0.81,5.15,3.06,0.78,5.47,2.16,,2024-09-09 00:12:52.390532+00:00
136,1,15.34,31.74,1047.56,721.06,5.72,4.31,4.89,6.19,7.02,5.95,1.26,,2024-09-09 00:12:57.445935+00:00
137,1,16.81,65.97,981.14,840.05,8.3,6.03,3.63,0.07,1.99,3.35,7.9,,2024-09-09 00:13:02.487028+00:00
138,1,27.77,56.82,1047.29,399.94,6.97,1.37,3.25,4.96,6.68,0.99,7.47,,2024-09-09 00:13:07.732447+00:00
139,1,18.87,56.26,1036.47,972.56,2.24,4.34,8.74,6.02,1.79,1.38,4.97,,2024-09-09 00:13:13.150915+00:00
140,1,25.82,68.52,961.43,312.72,2.58,9.71,4.99,3.72,2.01,3.81,1.88,,2024-09-09 00:13:18.363040+00:00
141,1,27.99,43.62,992.16,500.11,9.12,4.04,8.49,4.48,0.26,6.89,1.03,,2024-09-09 00:13:23.403144+00:00
142,1,17.31,78.46,978.17,945.6,0.6,6.05,4.98,3.3,9.18,3.03,4.7,,2024-09-09 00:13:28.440496+00:00
143,1,24.39,70.54,987.19,624.27,6.82,8.88,5.22,4.89,0.52,3.2,2.73,,2024-09-09 00:13:33.530643+00:00
144,1,29.46,67.73,1046.31,364.68,0.98,0.51,4.29,3.86,2.82,0.18,3.66,,2024-09-09 00:13:38.602423+00:00
145,1,20.22,58.56,970.69,568.13,6.38,6.72,9.84,8.22,9.25,4.64,6.35,,2024-09-09 00:13:43.643421+00:00
146,1,17.0,70.36,969.72,541.23,4.2,0.67,0.88,2.32,2.65,8.32,0.38,,2024-09-09 00:13:48.680346+00:00
147,1,21.68,88.9,1013.2,9.07,3.65,6.96,5.88,3.02,7.06,6.95,8.57,,2024-09-09 00:13:53.779596+00:00
148,1,28.77,63.71,963.54,552.77,7.36,2.07,6.19,6.74,9.83,4.38,4.4,,2024-09-09 00:13:58.830151+00:00
149,1,28.71,55.51,1029.21,189.12,0.61,3.72,2.1,0.94,4.03,4.25,3.62,,2024-09-09 00:14:03.853091+00:00
150,1,24.28,66.67,1023.24,676.34,4.43,3.22,5.6,9.05,0.86,6.18,6.59,,2024-09-09 00:14:08.972999+00:00
151,1,29.06,45.95,1025.1,704.26,0.54,5.71,7.84,7.56,7.24,8.85,7.6,,2024-09-09 00:14:14.104531+00:00
152,1,16.31,80.81,952.29,592.08,8.83,2.49,6.97,2.08,2.19,7.65,9.45,,2024-09-09 00:14:19.314147+00:00
153,1,24.49,77.18,1046.61,958.05,2.3,0.39,6.09,1.97,5.71,1.73,3.85,,2024-09-09 00:14:24.442452+00:00
154,1,21.99,73.7,996.24,150.03,4.42,3.45,9.08,5.18,1.32,2.98,8.14,,2024-09-09 00:14:29.599315+00:00
155,1,27.5,85.64,1025.75,715.05,7.76,8.61,3.65,6.94,8.99,8.55,2.16,,2024-09-09 00:14:34.895433+00:00
156,1,25.06,59.95,997.49,469.24,1.37,1.55,7.06,3.46,5.73,2.1,9.45,,2024-09-09 00:14:40.177391+00:00
157,1,19.33,61.69,1024.81,954.82,1.54,3.64,6.89,8.43,9.61,7.63,5.96,,2024-09-09 00:14:45.288031+00:00
158,1,25.76,84.44,1007.75,967.51,1.9,2.89,1.53,4.77,5.51,2.12,4.35,,2024-09-09 00:14:50.548844+00:00
159,1,28.87,48.25,988.31,472.66,9.55,5.06,3.47,5.69,4.94,4.19,9.38,,2024-09-09 00:14:55.890539+00:00
160,1,16.3,43.57,1027.44,987.68,9.01,7.01,0.46,9.12,8.97,1.91,3.3,,2024-09-09 00:15:00.997671+00:00
161,1,28.44,50.29,960.35,390.54,4.9,1.91,8.73,2.0,8.89,2.98,5.01,,2024-09-09 00:15:06.095930+00:00
162,1,26.41,87.97,1032.68,354.35,5.84,0.43,2.0,1.44,1.28,7.64,9.75,,2024-09-09 00:15:11.214015+00:00
163,1,15.05,62.61,1042.44,406.34,6.48,6.79,6.59,2.48,2.84,8.01,5.42,,2024-09-09 00:15:16.341001+00:00
164,1,17.86,59.49,1031.01,11.28,6.92,0.09,1.76,2.29,0.42,7.57,0.24,,2024-09-09 00:15:21.397785+00:00
165,1,26.2,32.4,962.55,550.46,5.25,0.99,1.64,0.94,0.56,1.73,4.92,,2024-09-09 00:15:26.438360+00:00
166,1,23.74,53.75,994.82,63.01,4.69,8.28,7.4,5.84,5.32,8.44,3.78,,2024-09-09 00:15:31.502342+00:00
167,1,24.37,37.22,987.89,610.08,4.75,5.51,3.66,4.85,6.71,7.29,4.05,,2024-09-09 00:15:36.691962+00:00
168,1,27.63,32.95,975.6,483.34,9.89,2.72,9.76,1.14,1.5,5.75,8.84,,2024-09-09 00:15:41.773062+00:00
169,1,20.37,31.62,968.19,699.98,8.77,5.77,1.48,8.15,4.06,1.91,9.08,,2024-09-09 00:15:46.845413+00:00
170,1,26.04,62.15,1019.89,102.58,2.58,2.16,1.73,1.68,5.86,2.76,1.8,,2024-09-09 00:15:52.000664+00:00
171,1,21.41,57.86,1026.71,668.12,1.32,5.33,2.67,4.32,7.12,5.71,7.98,,2024-09-09 00:15:57.109056+00:00
172,1,18.27,53.21,996.82,100.65,1.73,3.39,8.22,9.35,6.48,7.49,7.99,,2024-09-09 00:16:02.271372+00:00
173,1,20.81,80.52,959.92,137.73,2.42,5.56,3.29,8.55,5.82,7.89,8.49,,2024-09-09 00:16:07.775681+00:00
174,1,16.19,84.27,1022.23,792.17,5.84,3.36,0.24,3.06,7.35,8.53,4.17,,2024-09-09 00:16:12.979278+00:00
175,1,18.5,72.32,1016.68,143.96,6.9,7.88,1.09,8.65,7.19,8.49,2.07,,2024-09-09 00:16:18.236116+00:00
176,1,15.49,41.24,966.45,509.29,5.84,1.52,2.14,3.65,8.58,2.98,1.14,,2024-09-09 00:16:23.314543+00:00
177,1,23.53,79.78,988.97,410.13,1.29,0.86,2.01,6.43,4.01,7.69,9.07,,2024-09-09 00:16:28.340078+00:00
178,1,18.97,77.01,1020.63,487.97,3.72,5.98,8.14,0.46,6.94,1.05,7.25,,2024-09-09 00:16:33.364212+00:00
179,1,22.09,43.49,1022.89,177.44,0.29,8.02,0.58,3.8,0.69,5.28,7.33,,2024-09-09 00:16:38.387747+00:00
180,1,24.98,68.71,1008.76,840.12,5.74,5.71,4.77,6.39,5.98,1.73,6.11,,2024-09-09 00:16:43.410735+00:00
181,1,21.66,31.42,959.25,99.2,5.6,8.29,2.95,2.39,9.05,1.51,3.5,,2024-09-09 00:16:48.437187+00:00
182,1,23.32,62.7,1021.14,287.35,5.16,9.83,4.11,1.51,9.88,9.4,9.28,,2024-09-09 00:16:53.481915+00:00
183,1,21.51,58.11,953.44,659.62,3.97,0.63,1.41,2.85,7.83,2.95,4.91,,2024-09-09 00:16:58.579197+00:00
184,1,18.44,58.23,950.03,205.04,6.63,1.43,3.07,6.44,0.81,6.18,5.29,,2024-09-09 00:17:03.690494+00:00
185,1,18.3,39.36,1038.37,281.24,6.85,9.18,4.3,0.71,7.86,1.78,9.03,,2024-09-09 00:17:08.713305+00:00
186,1,21.52,53.11,951.09,714.68,7.57,1.93,1.63,1.22,2.24,7.87,6.13,,2024-09-09 00:17:13.739631+00:00
187,1,26.41,86.44,1043.21,294.41,1.82,7.88,9.81,1.02,0.2,4.18,5.03,,2024-09-09 00:17:18.798251+00:00
188,1,23.89,86.08,1019.05,843.8,9.04,4.53,0.87,2.29,0.71,0.9,6.74,,2024-09-09 00:17:23.851214+00:00
189,1,27.61,54.85,955.58,972.96,8.97,4.29,7.13,4.08,10.0,3.67,9.71,,2024-09-09 00:17:28.884853+00:00
190,1,22.57,56.51,971.31,792.03,2.27,4.77,0.2,5.99,7.79,8.51,6.67,,2024-09-09 00:17:33.909426+00:00
191,1,18.2,81.57,1009.3,231.64,7.94,2.18,8.0,7.46,6.93,5.86,6.13,,2024-09-09 00:17:38.932984+00:00
192,1,18.46,43.94,1047.88,4.75,1.37,3.78,5.66,0.02,9.09,3.55,1.28,,2024-09-09 00:17:43.953974+00:00
193,1,17.02,87.92,1042.12,504.52,4.45,5.16,7.93,9.06,3.13,4.09,4.99,,2024-09-09 00:17:48.991918+00:00
194,1,15.38,42.8,959.02,423.13,6.71,1.97,3.35,5.05,9.53,2.84,1.32,,2024-09-09 00:17:54.037756+00:00
195,1,24.33,61.15,992.23,327.61,4.56,9.19,4.68,2.67,2.95,5.54,9.85,,2024-09-09 00:17:59.058683+00:00
196,1,29.12,61.52,1033.82,374.37,8.14,6.52,1.62,1.41,2.79,5.69,1.15,,2024-09-09 00:18:04.080960+00:00
197,1,28.25,68.09,1039.58,669.36,6.27,6.63,8.78,0.36,3.44,2.69,8.65,,2024-09-09 00:18:09.114683+00:00
198,1,17.54,50.89,1047.79,719.33,5.04,2.08,7.22,3.9,5.02,3.25,2.3,,2024-09-09 00:18:14.155294+00:00
199,1,15.73,47.4,1023.32,988.08,1.7,0.14,2.1,7.57,9.24,4.31,1.77,,2024-09-09 00:18:19.194382+00:00
200,1,24.2,52.83,991.75,977.02,0.14,1.81,9.3,9.62,9.06,2.37,9.64,,2024-09-09 00:18:24.238601+00:00
201,1,23.94,51.46,1035.68,588.73,8.74,5.86,8.34,8.18,2.39,7.77,2.36,,2024-09-09 00:18:29.323573+00:00
202,1,16.79,86.37,984.52,560.57,3.09,5.99,6.46,6.58,6.99,5.92,8.16,,2024-09-09 00:18:34.411747+00:00
203,1,29.54,42.52,1045.28,768.23,3.45,8.01,8.35,7.56,4.57,0.32,5.83,,2024-09-09 00:18:39.509368+00:00
204,1,17.6,76.33,986.73,145.15,1.9,8.21,4.12,7.01,0.32,4.67,0.71,,2024-09-09 00:18:44.552317+00:00
205,1,24.85,52.3,1044.87,219.1,8.04,6.03,1.99,3.55,2.8,3.91,6.99,,2024-09-09 00:18:49.726552+00:00
206,1,28.6,88.61,1015.32,828.04,7.83,1.81,4.2,8.25,0.21,2.85,8.57,,2024-09-09 00:18:55.100754+00:00
207,1,18.99,42.43,971.28,973.39,5.05,4.14,3.57,8.39,8.72,0.27,5.74,,2024-09-09 00:19:00.182745+00:00
208,1,26.58,86.11,1045.86,387.68,3.21,6.68,0.8,0.96,2.39,3.13,8.35,,2024-09-09 00:19:05.285824+00:00
209,1,15.45,74.19,1014.87,519.09,2.81,5.8,0.8,4.69,7.81,5.14,4.36,,2024-09-09 00:19:10.405796+00:00
210,1,22.41,82.67,967.96,37.54,3.69,9.72,5.96,7.72,9.54,6.02,3.11,,2024-09-09 00:19:15.587747+00:00
211,1,28.88,70.05,971.88,160.03,5.22,8.29,0.23,7.63,6.69,3.12,7.89,,2024-09-09 00:19:20.692646+00:00
212,1,25.9,52.24,1003.52,916.68,1.92,8.22,6.45,7.27,0.59,1.18,7.77,,2024-09-09 00:19:25.794243+00:00
213,1,22.14,83.43,1032.59,211.3,9.47,6.2,0.87,7.29,6.88,8.3,5.76,,2024-09-09 00:19:30.951978+00:00
214,1,21.72,82.36,1020.82,719.21,2.5,0.73,3.81,9.43,5.32,1.81,0.28,,2024-09-09 00:19:36.107602+00:00
215,1,26.84,45.97,1042.74,538.65,4.3,2.88,6.87,0.24,1.83,2.36,3.72,,2024-09-09 00:19:41.342003+00:00
216,1,19.86,53.83,1019.98,162.65,6.58,0.71,2.19,0.25,6.11,3.0,6.39,,2024-09-09 00:19:46.465465+00:00
217,1,22.76,52.4,972.49,562.35,4.24,1.64,5.64,6.55,9.18,0.54,5.97,,2024-09-09 00:19:51.609363+00:00
218,1,26.82,80.07,1039.94,685.71,5.41,0.31,7.19,4.54,2.88,4.42,3.99,,2024-09-09 00:19:57.175195+00:00
219,1,21.12,54.35,985.74,719.62,9.53,6.42,9.65,3.85,7.2,7.08,5.65,,2024-09-09 00:20:03.037473+00:00
220,1,21.05,82.69,1030.22,113.0,0.93,4.95,2.82,6.2,2.98,8.72,0.08,,2024-09-09 00:20:08.416816+00:00
221,1,26.96,82.44,998.85,607.45,7.9,4.4,4.06,5.7,1.56,3.62,2.34,,2024-09-09 00:20:13.796874+00:00
222,1,29.39,43.25,961.35,813.6,6.01,3.12,4.29,7.97,1.39,1.57,3.08,,2024-09-09 00:20:18.912879+00:00
223,1,28.49,45.31,963.43,66.35,2.29,3.34,2.63,3.4,5.18,0.3,9.72,,2024-09-09 00:20:23.991191+00:00
224,1,21.92,31.86,973.73,910.05,4.98,5.81,2.67,7.17,8.27,6.57,3.01,,2024-09-09 00:20:29.171013+00:00
225,1,29.25,75.61,1025.62,399.28,8.86,2.82,1.65,2.29,9.22,2.97,8.16,,2024-09-09 00:20:34.219016+00:00
226,1,25.93,45.39,959.77,958.64,4.36,6.38,3.18,9.06,9.06,0.87,8.66,,2024-09-09 00:20:39.250809+00:00
227,1,15.31,84.11,955.92,211.02,0.92,3.33,5.8,3.32,0.21,4.66,1.06,,2024-09-09 00:20:44.309426+00:00
228,1,21.31,38.41,951.71,216.43,5.23,6.45,7.4,2.35,4.38,5.21,9.23,,2024-09-09 00:20:49.361685+00:00
229,1,21.2,62.72,1041.68,216.88,1.24,2.44,4.53,2.84,6.27,1.4,2.33,,2024-09-09 00:20:54.398764+00:00
230,1,23.81,60.43,978.67,6.32,6.95,8.41,3.3,3.66,0.63,8.58,5.84,,2024-09-09 00:20:59.514633+00:00
231,1,15.13,79.07,1026.78,995.29,7.69,1.25,7.43,7.75,0.88,9.68,6.53,,2024-09-09 00:21:04.544157+00:00
232,1,19.57,56.03,1036.36,283.89,5.89,6.7,9.23,3.11,8.46,7.5,2.08,,2024-09-09 00:21:09.573202+00:00
233,1,21.87,43.89,1035.87,476.24,4.68,1.83,1.72,6.51,0.12,2.23,3.3,,2024-09-09 00:21:14.603274+00:00
234,1,22.81,63.92,972.54,378.89,9.82,1.05,7.25,2.07,6.23,7.74,8.61,,2024-09-09 00:21:19.634443+00:00
235,1,25.22,52.13,1035.58,231.07,4.44,0.19,6.39,4.83,4.6,9.59,4.11,,2024-09-09 00:21:24.713869+00:00
236,1,21.98,82.49,1016.96,361.67,7.71,5.53,7.11,8.25,5.5,0.99,8.69,,2024-09-09 00:21:29.832474+00:00
237,1,29.71,67.9,956.14,699.52,0.3,8.01,2.53,1.27,2.53,1.69,6.47,,2024-09-09 00:21:34.865454+00:00
238,1,25.34,79.66,1015.0,811.88,5.39,0.57,5.85,0.38,5.84,0.74,5.68,,2024-09-09 00:21:39.888979+00:00
239,1,21.39,81.65,1014.84,408.5,8.56,2.49,6.41,4.46,7.41,8.69,0.29,,2024-09-09 00:21:44.912153+00:00
240,1,18.66,59.71,995.51,677.79,0.23,1.57,6.25,3.62,9.97,0.04,2.85,,2024-09-09 00:21:49.932096+00:00
241,1,19.13,31.84,1001.21,438.23,5.83,5.46,8.4,9.32,6.4,7.73,9.03,,2024-09-09 00:21:54.970629+00:00
242,1,21.28,77.37,1025.07,84.33,5.3,1.69,4.17,2.0,4.22,9.62,7.49,,2024-09-09 00:22:00.005028+00:00
243,1,17.15,64.88,975.86,507.17,9.28,8.84,0.53,7.29,1.29,6.91,9.49,,2024-09-09 00:22:05.077227+00:00
244,1,27.38,65.73,1026.89,804.91,6.9,2.41,9.01,1.49,6.25,0.57,2.63,,2024-09-09 00:22:10.250611+00:00
245,1,23.0,56.61,1029.16,596.56,8.05,2.81,0.55,2.02,4.0,2.98,2.42,,2024-09-09 00:22:15.341678+00:00
246,1,18.61,44.72,968.12,36.5,3.95,8.45,3.37,7.7,5.58,6.1,5.03,,2024-09-09 00:22:20.387087+00:00
247,1,24.04,89.51,962.23,676.45,4.18,6.01,9.71,8.38,2.73,3.02,7.52,,2024-09-09 00:22:25.479643+00:00
248,1,21.2,30.71,980.15,862.67,4.87,3.14,4.86,3.94,7.31,5.13,1.8,,2024-09-09 00:22:30.612974+00:00
249,1,25.08,80.3,955.48,875.04,0.54,0.55,9.87,0.57,9.99,4.78,2.29,,2024-09-09 00:22:35.643048+00:00
250,1,15.13,54.28,953.59,302.98,2.15,9.35,2.08,7.76,6.85,7.09,1.9,,2024-09-09 00:22:40.734662+00:00
251,1,20.84,60.13,996.76,391.56,2.29,7.69,1.65,6.01,3.7,0.42,9.15,,2024-09-09 00:22:45.934808+00:00
252,1,25.63,37.07,1020.77,323.91,3.22,1.75,6.09,5.04,6.74,1.99,4.83,,2024-09-09 00:22:51.100102+00:00
253,1,18.4,46.88,999.64,133.24,8.63,8.17,6.54,5.93,3.19,8.31,0.04,,2024-09-09 00:22:56.232724+00:00
254,1,18.18,53.57,1027.09,921.78,1.64,2.33,9.62,4.01,4.36,2.52,1.46,,2024-09-09 00:23:01.322056+00:00
255,1,26.61,73.3,984.36,157.35,6.7,5.03,7.86,9.18,8.15,4.67,6.51,,2024-09-09 00:23:06.502110+00:00
256,1,17.02,36.42,964.34,380.74,3.51,1.68,8.89,0.8,2.78,7.94,7.35,,2024-09-09 00:23:11.692949+00:00
257,1,25.84,66.93,986.22,503.91,9.92,7.12,6.96,8.65,0.72,5.12,0.5,,2024-09-09 00:23:16.944781+00:00
258,1,23.01,67.03,1023.95,252.83,9.48,1.29,8.5,7.38,0.31,9.04,2.64,,2024-09-09 00:23:22.037437+00:00
259,1,17.28,43.23,978.51,731.3,0.63,4.49,7.84,4.28,0.8,6.18,0.44,,2024-09-09 00:23:27.104771+00:00
260,1,27.74,34.63,1034.9,408.55,0.87,8.71,3.98,7.61,5.67,3.57,7.64,,2024-09-09 00:23:32.184655+00:00
261,1,21.73,50.64,985.16,172.17,9.47,4.54,8.77,8.33,8.92,0.71,2.46,,2024-09-09 00:23:37.269276+00:00
262,1,25.09,52.53,955.86,622.22,8.5,0.75,1.01,3.48,7.95,9.81,3.5,,2024-09-09 00:23:42.395445+00:00
263,1,28.56,57.6,1040.46,895.51,2.57,4.93,6.57,3.73,4.74,8.51,2.2,,2024-09-09 00:23:47.526142+00:00
264,1,20.28,65.74,1044.77,818.41,7.83,3.57,8.94,5.48,0.38,5.91,3.46,,2024-09-09 00:23:52.649135+00:00
265,1,23.78,41.88,995.19,80.65,7.22,6.75,0.65,8.73,8.1,9.91,2.34,,2024-09-09 00:23:57.856011+00:00
266,1,17.73,44.69,1036.32,807.1,4.52,7.93,6.11,5.24,6.73,9.93,2.71,,2024-09-09 00:24:03.162385+00:00
267,1,24.97,64.3,991.06,108.48,1.58,8.07,6.82,0.12,5.11,9.67,8.11,,2024-09-09 00:24:08.632314+00:00
268,1,19.69,53.94,964.48,121.97,5.2,8.02,9.38,3.17,7.99,5.57,5.97,,2024-09-09 00:24:14.031122+00:00
269,1,15.89,88.59,1000.41,498.92,1.84,9.91,9.91,7.01,1.53,3.23,4.87,,2024-09-09 00:24:19.067193+00:00
270,1,21.04,75.14,999.71,624.24,1.32,0.82,7.88,3.0,9.58,3.69,2.98,,2024-09-09 00:24:24.105036+00:00
271,1,28.97,60.22,1042.45,844.9,6.28,9.03,0.68,9.7,7.9,9.91,0.02,,2024-09-09 00:24:29.291799+00:00
272,1,24.38,88.01,973.9,78.78,5.66,1.24,8.44,0.22,3.37,8.68,3.84,,2024-09-09 00:24:34.413557+00:00
273,1,16.87,47.13,966.9,227.8,2.38,1.36,6.11,1.35,8.55,2.27,4.06,,2024-09-09 00:24:39.480073+00:00
274,1,26.86,59.28,986.53,811.5,7.14,6.93,9.32,5.96,1.09,6.37,1.89,,2024-09-09 00:24:44.550001+00:00
275,1,15.16,51.26,1021.12,494.18,4.32,3.92,8.72,0.51,,,,,2024-09-09 12:40:45.162064+00:00
276,1,17.85,77.01,1038.23,373.7,9.56,3.52,9.34,3.07,,,,,2024-09-09 12:40:50.282418+00:00
277,1,25.31,35.34,1025.78,459.0,1.19,7.77,7.81,9.86,,,,,2024-09-09 12:40:55.320887+00:00
278,1,29.03,64.06,1005.77,30.46,1.72,8.01,0.57,1.38,,,,,2024-09-09 17:24:48.344088+00:00
279,1,22.87,58.45,1027.68,572.13,2.59,0.82,2.91,0.16,,,,,2024-09-09 17:24:53.418834+00:00
280,1,28.86,36.16,1009.59,907.08,3.13,2.12,7.46,1.58,,,,,2024-09-09 17:24:58.450857+00:00
281,1,20.81,43.09,953.65,753.81,4.74,1.74,0.56,3.02,,,,,2024-09-09 17:25:03.482648+00:00
282,1,19.39,69.89,995.9,427.79,0.16,7.48,8.74,1.91,,,,,2024-09-09 17:25:08.514322+00:00
283,1,15.53,87.2,1042.52,699.1,7.8,6.89,0.61,0.64,,,,,2024-09-09 17:25:13.577101+00:00
284,1,21.0,43.71,1027.13,488.99,5.47,4.72,3.52,3.35,,,,,2024-09-09 17:25:18.642925+00:00
285,1,21.71,80.66,1037.01,660.03,9.82,0.43,9.47,3.03,,,,,2024-09-09 17:25:23.788119+00:00
286,1,29.19,87.07,997.86,872.3,7.66,2.02,3.48,7.73,,,,,2024-09-09 17:25:28.950229+00:00
287,1,17.97,69.39,1016.57,561.51,6.98,6.9,1.06,5.43,,,,,2024-09-09 17:25:34.095925+00:00
288,1,25.72,41.51,1018.54,660.99,7.02,8.71,6.59,8.93,,,,,2024-09-09 17:25:39.152395+00:00
289,1,21.82,52.57,1044.92,680.77,8.8,4.99,4.71,6.26,,,,,2024-09-09 17:25:44.215237+00:00
290,1,28.65,38.24,1001.61,41.11,4.42,0.85,5.19,5.41,,,,,2024-09-09 17:25:49.288414+00:00
291,1,17.5,82.07,967.07,745.69,1.06,1.39,9.32,0.93,,,,,2024-09-09 17:25:54.432884+00:00
292,1,16.04,89.55,963.57,949.24,4.51,4.52,0.05,3.22,,,,,2024-09-09 17:25:59.576989+00:00
293,1,24.68,88.1,1035.91,433.62,0.2,1.44,3.45,6.9,,,,,2024-09-09 17:26:04.700630+00:00
294,1,27.65,73.82,1017.88,700.88,9.69,6.44,7.13,3.12,,,,,2024-09-09 17:26:09.769766+00:00
295,1,17.42,61.41,1023.73,662.26,3.59,1.29,5.76,5.94,,,,,2024-09-09 17:26:14.961034+00:00
296,1,25.15,30.68,991.04,278.96,7.27,5.75,5.3,6.98,,,,,2024-09-09 17:26:20.063517+00:00
297,1,23.57,81.15,989.92,600.84,5.49,7.18,8.75,8.39,,,,,2024-09-09 17:26:25.139361+00:00
298,1,25.55,40.71,973.83,956.19,2.77,9.59,9.29,8.49,,,,,2024-09-09 17:26:30.277854+00:00
299,1,27.83,57.31,965.57,449.68,4.57,2.27,7.51,7.6,,,,,2024-09-09 17:26:35.441626+00:00
300,1,27.93,53.73,982.6,226.72,7.35,4.75,8.49,7.73,,,,,2024-09-09 17:26:40.536275+00:00
301,1,23.5,57.98,1049.84,182.5,9.35,3.3,2.84,3.91,,,,,2024-09-09 17:26:45.708501+00:00
302,1,15.04,34.8,962.05,927.66,4.87,3.23,6.1,0.44,,,,,2024-09-09 17:26:50.834361+00:00
303,1,16.65,83.01,1011.55,7.03,1.18,2.72,7.63,7.38,,,,,2024-09-09 17:26:56.213773+00:00
304,1,29.68,58.19,956.29,381.79,3.64,4.3,7.89,5.1,,,,,2024-09-09 17:27:01.484382+00:00
305,1,24.85,30.3,1002.92,187.42,0.31,1.3,4.57,7.01,,,,,2024-09-09 17:27:06.700240+00:00
306,1,22.02,65.76,993.33,839.76,3.76,4.66,3.66,4.91,,,,,2024-09-09 17:27:11.801061+00:00
307,1,21.61,82.37,1010.0,524.21,2.73,3.7,2.03,6.82,,,,,2024-09-09 17:27:16.868242+00:00
308,1,27.52,31.32,1004.02,3.6,5.39,1.54,8.85,9.34,,,,,2024-09-09 17:27:21.924882+00:00
309,1,29.34,78.27,958.94,377.31,4.04,9.14,2.98,7.38,,,,,2024-09-09 17:27:26.974377+00:00
310,1,22.79,51.24,967.44,784.92,3.47,2.73,5.15,5.4,,,,,2024-09-09 17:27:32.008028+00:00
311,1,28.49,89.99,1037.32,841.47,8.74,5.71,2.27,8.89,,,,,2024-09-09 17:27:37.109795+00:00
312,1,19.06,71.03,1004.08,84.49,6.4,7.28,7.84,1.08,,,,,2024-09-09 17:27:42.469623+00:00
313,1,18.14,76.9,1010.43,347.28,9.47,3.76,5.46,0.03,,,,,2024-09-09 17:27:48.031606+00:00
314,1,25.74,48.41,1032.96,551.35,5.86,2.86,2.32,5.03,,,,,2024-09-09 17:27:53.150162+00:00
315,1,28.1,38.62,950.27,616.57,7.65,1.58,1.11,7.19,,,,,2024-09-09 17:27:58.254025+00:00
316,1,29.9,48.37,1006.08,7.83,3.78,1.99,5.99,8.42,,,,,2024-09-09 17:28:03.343356+00:00
317,1,15.85,70.81,962.78,157.7,9.41,2.29,4.16,0.8,,,,,2024-09-09 17:28:08.403494+00:00
318,1,23.14,89.55,974.19,112.29,1.22,2.67,7.92,9.61,,,,,2024-09-09 17:28:13.593168+00:00
319,1,28.5,30.54,1007.46,778.37,7.02,5.79,5.78,9.28,,,,,2024-09-09 17:28:18.751238+00:00
320,1,23.94,53.44,1001.92,526.53,3.99,2.75,8.31,8.78,,,,,2024-09-09 17:28:23.819729+00:00
321,1,24.9,62.53,965.97,795.14,9.95,4.26,9.02,2.49,,,,,2024-09-09 17:28:28.920294+00:00
322,1,24.8,89.0,999.15,961.29,5.56,1.79,4.69,9.82,,,,,2024-09-09 17:28:34.019741+00:00
323,1,22.12,59.41,1027.77,460.57,2.2,5.96,9.87,5.36,,,,,2024-09-09 17:28:39.219793+00:00
324,1,20.29,59.43,970.7,554.04,7.12,2.47,6.33,0.87,,,,,2024-09-09 17:28:44.525290+00:00
325,1,18.85,36.66,980.3,174.71,9.83,4.62,8.64,6.19,,,,,2024-09-09 17:28:49.667475+00:00
326,1,21.43,57.37,977.7,120.89,4.86,0.51,7.5,0.43,,,,,2024-09-09 17:28:54.871887+00:00
327,1,26.33,75.94,952.15,668.98,1.24,9.74,8.7,9.16,,,,,2024-09-09 17:29:00.217098+00:00
328,1,29.79,31.54,972.87,847.85,4.73,3.47,8.26,3.47,,,,,2024-09-09 17:29:05.484173+00:00
329,1,16.76,59.98,964.45,394.09,7.63,4.71,4.82,4.32,,,,,2024-09-09 17:29:10.739192+00:00
330,1,15.19,68.41,1003.46,791.7,2.77,6.59,4.04,1.84,,,,,2024-09-09 17:29:15.940289+00:00
331,1,20.58,50.89,1034.17,223.44,7.3,0.26,3.16,6.78,,,,,2024-09-09 17:29:21.056084+00:00
332,1,24.09,83.84,1021.52,759.05,2.29,2.94,8.22,0.14,,,,,2024-09-09 17:29:26.152427+00:00
333,1,29.88,66.98,992.43,367.77,1.08,0.21,2.0,3.69,,,,,2024-09-09 17:29:31.271195+00:00
334,1,17.77,74.75,1024.18,603.82,4.15,6.38,2.48,6.47,,,,,2024-09-09 17:29:36.393226+00:00
335,1,24.45,52.13,959.95,72.63,7.68,4.35,7.46,1.33,,,,,2024-09-09 17:29:41.477412+00:00
336,1,17.37,84.64,1025.87,393.99,8.19,7.02,7.86,7.96,,,,,2024-09-09 17:29:46.692572+00:00
337,1,25.68,36.0,1039.7,25.23,7.29,5.12,9.23,1.13,,,,,2024-09-09 17:29:51.866389+00:00
338,1,23.47,50.91,1009.78,206.51,6.62,1.67,7.31,7.31,,,,,2024-09-09 17:29:56.942535+00:00
339,1,29.86,58.8,997.19,811.18,6.19,5.63,5.55,4.19,,,,,2024-09-09 17:30:02.004160+00:00
340,1,26.85,40.11,1034.02,434.08,1.37,4.04,7.64,3.21,,,,,2024-09-09 17:30:07.052215+00:00
341,1,18.15,73.64,1031.02,911.52,9.21,8.51,1.06,0.74,,,,,2024-09-09 17:30:12.110498+00:00
342,1,19.48,55.07,1047.71,946.78,9.47,1.14,0.27,6.3,,,,,2024-09-09 17:30:20.870949+00:00
343,1,22.08,71.15,1004.52,317.31,2.22,1.27,2.69,1.39,,,,,2024-09-09 17:30:26.008987+00:00
344,1,16.37,45.53,983.03,609.44,8.29,4.99,8.19,7.21,,,,,2024-09-09 17:30:31.048159+00:00
345,1,19.3,40.1,960.49,953.21,3.56,0.22,3.21,9.87,,,,,2024-09-09 17:30:36.299109+00:00
346,1,23.45,70.28,963.5,629.3,9.8,0.33,2.26,0.21,,,,,2024-09-09 17:30:41.402035+00:00
347,1,21.78,78.58,1036.72,193.29,7.7,2.3,4.0,7.7,,,,,2024-09-09 17:30:46.457704+00:00
348,1,23.64,38.35,1039.49,712.55,3.13,7.39,7.23,2.19,,,,,2024-09-09 17:30:51.493968+00:00
349,1,19.54,49.76,1017.65,342.04,6.87,6.23,2.06,6.7,,,,,2024-09-09 17:30:56.531140+00:00
350,1,15.88,42.87,993.37,927.79,9.16,0.43,4.4,3.74,,,,,2024-09-09 17:31:01.610633+00:00
351,1,18.09,50.09,962.08,776.8,8.46,5.31,3.75,5.58,,,,,2024-09-09 17:31:06.672026+00:00
352,1,25.37,82.16,970.75,671.56,3.34,9.26,6.7,8.12,,,,,2024-09-09 17:31:11.727418+00:00
353,1,27.71,77.13,1004.15,822.87,7.77,7.02,1.63,1.5,,,,,2024-09-09 17:31:16.793681+00:00
354,1,19.2,64.73,1010.35,669.57,1.66,8.51,6.21,3.06,,,,,2024-09-09 17:31:21.834729+00:00
355,1,25.0,55.23,1039.58,111.16,2.66,2.73,0.37,1.6,,,,,2024-09-09 17:31:26.871846+00:00
356,1,23.64,82.16,989.56,189.42,4.24,6.84,0.56,7.06,,,,,2024-09-09 17:31:31.914369+00:00
357,1,24.15,73.8,1040.02,970.11,4.89,1.51,2.73,0.64,,,,,2024-09-09 17:31:36.953456+00:00
358,1,15.84,50.68,1018.53,296.66,2.23,8.3,0.1,2.06,,,,,2024-09-09 17:31:41.998735+00:00
359,1,27.02,32.16,965.8,541.97,8.85,4.23,9.49,9.37,,,,,2024-09-09 17:31:47.061036+00:00
360,1,23.99,64.79,954.19,803.02,6.57,3.77,7.83,1.06,,,,,2024-09-09 17:31:52.157614+00:00
361,1,16.58,32.9,1019.04,903.82,6.95,1.34,8.55,5.91,,,,,2024-09-09 17:31:57.194535+00:00
362,1,17.7,85.32,988.67,516.18,9.27,6.17,4.87,6.34,,,,,2024-09-09 17:32:02.224184+00:00
363,1,24.25,83.43,1029.85,662.31,7.53,5.76,6.8,7.71,,,,,2024-09-09 17:32:07.253198+00:00
364,1,19.25,78.03,996.44,654.94,3.78,5.9,1.94,8.05,,,,,2024-09-09 17:32:12.304470+00:00
365,1,16.89,60.2,971.4,755.03,1.56,2.91,3.6,8.05,,,,,2024-09-09 17:32:17.344005+00:00
366,1,22.44,85.07,987.21,898.36,4.76,5.02,8.71,9.62,,,,,2024-09-09 17:32:22.400590+00:00
367,1,20.63,31.89,980.01,296.33,6.84,2.07,3.74,2.82,,,,,2024-09-09 17:32:27.443510+00:00
368,1,15.21,44.91,1029.5,654.21,8.33,5.41,4.01,5.3,,,,,2024-09-09 17:32:32.478061+00:00
369,1,16.02,40.17,1019.78,883.72,5.98,1.17,8.79,5.51,,,,,2024-09-09 17:32:37.523509+00:00
370,1,21.95,52.99,981.44,524.58,3.33,1.49,6.21,2.67,,,,,2024-09-09 17:32:42.554625+00:00
371,1,18.44,64.25,1049.45,459.32,1.7,1.28,2.47,3.45,,,,,2024-09-09 17:32:47.585931+00:00
372,1,15.87,41.26,983.45,592.56,7.62,2.42,5.48,8.76,,,,,2024-09-09 17:32:52.617455+00:00
373,1,29.11,66.2,1009.29,548.97,4.64,5.95,8.52,7.94,,,,,2024-09-09 17:32:57.643068+00:00
374,1,21.0,38.48,950.26,923.74,3.53,6.21,6.61,2.67,,,,,2024-09-09 17:33:02.746442+00:00
375,1,29.77,53.5,963.13,566.92,5.9,4.54,3.6,2.54,,,,,2024-09-09 17:33:07.812426+00:00
376,1,15.41,35.53,950.6,603.37,9.96,8.39,1.83,7.27,,,,,2024-09-09 17:33:12.858158+00:00
377,1,20.94,46.15,1024.01,645.67,5.75,2.77,4.4,2.86,,,,,2024-09-09 17:33:17.905445+00:00
378,1,29.22,48.89,1041.26,460.69,7.7,3.92,2.32,9.84,,,,,2024-09-09 17:33:22.952957+00:00
379,1,26.98,79.59,956.32,591.17,3.73,0.28,4.09,7.8,,,,,2024-09-09 17:33:27.997410+00:00
380,1,22.21,41.73,999.8,212.36,2.31,8.45,1.55,7.87,,,,,2024-09-09 17:33:33.058440+00:00
381,1,16.88,34.64,1012.17,942.24,0.28,1.78,0.62,8.4,,,,,2024-09-09 17:33:38.099483+00:00
382,1,27.14,63.26,951.46,0.52,6.57,1.92,7.07,3.59,,,,,2024-09-09 17:33:43.133792+00:00
383,1,16.05,63.42,968.13,961.75,5.29,0.52,4.42,6.57,,,,,2024-09-09 17:33:48.162040+00:00
384,1,15.19,64.28,978.78,626.5,2.1,4.89,4.82,4.75,,,,,2024-09-09 17:33:53.194406+00:00
385,1,25.16,72.52,1026.31,777.9,3.46,0.2,3.52,6.22,,,,,2024-09-09 17:33:58.257627+00:00
386,1,15.68,53.92,986.55,890.25,3.41,9.51,3.58,2.67,,,,,2024-09-09 17:34:03.301374+00:00
387,1,19.52,50.37,986.78,521.84,6.75,5.0,8.11,4.03,,,,,2024-09-09 17:34:08.364911+00:00
388,1,17.27,80.74,1014.45,217.7,2.52,2.6,1.46,8.59,,,,,2024-09-09 17:34:13.418089+00:00
389,1,28.08,73.43,979.18,627.99,0.45,0.82,8.61,4.72,,,,,2024-09-09 17:34:18.448569+00:00
390,1,27.66,48.64,961.06,315.79,0.71,1.82,4.67,4.16,,,,,2024-09-09 17:34:23.481520+00:00
391,1,20.87,55.66,987.54,327.12,3.52,6.56,0.2,2.26,,,,,2024-09-09 17:34:28.514581+00:00
392,1,24.57,56.65,976.08,374.15,4.43,8.06,7.1,7.29,,,,,2024-09-09 17:34:33.585692+00:00
393,1,17.83,55.84,962.5,504.64,9.39,6.14,5.78,4.79,,,,,2024-09-09 17:34:38.652837+00:00
394,1,21.21,41.57,1007.4,807.35,7.64,2.98,7.11,9.72,,,,,2024-09-09 17:34:43.714273+00:00
395,1,18.75,83.44,954.08,929.77,3.5,4.59,6.69,1.3,,,,,2024-09-09 17:34:48.858466+00:00
396,1,26.0,82.39,1012.55,106.94,9.45,4.28,4.04,9.38,,,,,2024-09-09 17:34:53.972262+00:00
397,1,27.75,52.5,1047.77,537.27,7.87,4.14,6.76,4.56,,,,,2024-09-09 17:34:59.023420+00:00
398,1,17.08,75.89,978.15,185.66,5.93,4.13,5.08,7.04,,,,,2024-09-09 17:35:04.082694+00:00
399,1,20.16,67.1,983.36,887.61,7.85,7.06,9.61,3.41,,,,,2024-09-09 17:35:09.170079+00:00
400,1,17.6,45.49,1007.94,961.71,1.51,0.54,4.92,4.96,,,,,2024-09-09 17:35:14.222641+00:00
401,1,22.23,77.5,1048.67,739.47,9.6,3.97,6.66,0.27,,,,,2024-09-09 17:35:19.287241+00:00
402,1,24.92,61.19,962.44,809.99,2.14,5.97,6.14,6.46,,,,,2024-09-09 17:35:24.322850+00:00
403,1,28.78,30.6,964.8,155.9,7.43,3.76,3.9,9.85,,,,,2024-09-09 17:35:29.348902+00:00
404,1,23.43,73.74,993.56,785.97,6.09,7.2,0.31,1.91,,,,,2024-09-09 17:35:34.403379+00:00
405,1,25.58,72.2,958.52,360.39,7.94,7.07,3.38,3.79,,,,,2024-09-09 17:35:39.457412+00:00
406,1,29.78,81.87,1031.59,128.95,2.58,0.54,7.42,3.1,,,,,2024-09-09 17:35:44.509314+00:00
407,1,23.81,41.22,962.43,757.78,8.75,0.53,0.28,4.4,,,,,2024-09-09 17:35:49.552686+00:00
408,1,19.51,68.54,981.21,740.77,6.42,2.85,3.63,1.31,,,,,2024-09-09 17:35:54.635741+00:00
409,1,23.08,57.27,985.72,554.53,3.77,9.25,6.55,8.08,,,,,2024-09-09 17:35:59.665902+00:00
410,1,15.89,82.02,1037.93,12.92,9.74,3.2,7.92,7.05,,,,,2024-09-09 17:36:04.698049+00:00
411,1,18.32,40.05,1033.17,320.56,6.05,2.57,4.11,10.0,,,,,2024-09-09 17:36:09.749547+00:00
412,1,28.15,61.1,980.33,159.2,2.4,7.94,5.07,4.59,,,,,2024-09-09 17:36:14.805012+00:00
413,1,19.5,56.99,1015.53,242.41,6.5,0.78,1.41,9.26,,,,,2024-09-09 17:36:20.150442+00:00
414,1,16.2,65.29,1017.02,349.55,3.92,2.99,6.32,2.23,,,,,2024-09-09 17:36:25.316720+00:00
415,1,21.98,82.23,1038.49,302.5,1.28,6.03,9.78,3.45,,,,,2024-09-09 17:36:30.407547+00:00
416,1,29.99,57.25,966.39,587.57,8.04,6.12,6.2,1.29,,,,,2024-09-09 17:36:35.463197+00:00
417,1,18.89,31.13,1018.51,56.52,1.35,9.04,7.15,8.37,,,,,2024-09-09 17:36:40.497279+00:00
418,1,15.16,30.99,1037.42,649.97,1.12,7.05,1.56,6.24,,,,,2024-09-09 17:36:45.600268+00:00
419,1,28.11,44.93,984.77,829.27,4.92,7.15,0.47,7.58,,,,,2024-09-09 17:36:50.672695+00:00
420,1,21.42,82.46,1018.07,697.97,4.97,0.75,6.15,7.48,,,,,2024-09-09 17:36:55.751969+00:00
421,1,20.29,86.44,957.25,642.88,2.02,9.2,2.71,0.22,,,,,2024-09-09 17:37:00.946657+00:00
422,1,24.91,33.8,1007.53,88.47,1.45,7.64,6.53,3.19,,,,,2024-09-09 17:37:06.114370+00:00
423,1,23.08,56.33,951.74,906.27,1.67,1.05,3.04,7.85,,,,,2024-09-09 17:37:11.153390+00:00
424,1,16.36,52.52,978.58,932.59,6.37,8.05,9.62,9.11,,,,,2024-09-09 17:37:16.210524+00:00
425,1,18.15,38.21,1027.22,178.29,2.33,4.71,4.51,3.74,,,,,2024-09-09 17:37:21.257275+00:00
426,1,19.0,30.37,1029.58,170.92,8.32,2.1,2.77,9.85,,,,,2024-09-09 17:37:26.286326+00:00
427,1,24.17,34.23,952.41,418.77,6.56,9.14,1.78,6.85,,,,,2024-09-09 17:37:31.322648+00:00
428,1,19.61,42.77,1015.81,224.55,4.76,6.21,6.38,5.91,,,,,2024-09-09 17:37:36.357554+00:00
429,1,16.68,31.99,1012.76,501.21,6.56,9.01,1.89,5.45,,,,,2024-09-09 17:37:41.396870+00:00
430,1,16.8,52.76,997.55,349.79,9.86,5.32,5.84,1.9,,,,,2024-09-09 17:37:46.434711+00:00
431,1,18.3,32.23,983.79,255.39,6.85,8.32,6.07,5.68,,,,,2024-09-09 17:37:51.464444+00:00
432,1,21.79,46.32,963.2,388.91,6.08,2.03,7.15,2.48,,,,,2024-09-09 17:37:56.501796+00:00
433,1,22.39,32.32,1029.86,374.89,7.49,7.55,3.81,0.54,,,,,2024-09-09 17:38:01.531821+00:00
434,1,23.16,32.86,995.54,519.97,1.52,0.85,0.49,5.32,,,,,2024-09-09 17:38:06.586495+00:00
435,1,21.27,43.4,1001.13,490.29,7.27,8.2,7.07,4.43,,,,,2024-09-09 17:38:11.634089+00:00
436,1,20.86,35.03,1019.03,254.26,5.97,0.23,4.47,7.47,,,,,2024-09-09 17:38:16.667118+00:00
437,1,22.56,85.65,981.6,460.68,9.43,6.72,2.93,8.1,,,,,2024-09-09 17:38:21.697108+00:00
438,1,24.46,51.03,1009.84,428.23,2.1,1.25,8.46,1.19,,,,,2024-09-09 17:38:26.730093+00:00
439,1,29.27,44.95,1041.47,503.23,6.02,9.11,4.32,3.53,,,,,2024-09-09 17:38:31.759990+00:00
440,1,25.51,82.95,951.7,799.56,7.82,0.93,1.86,8.12,,,,,2024-09-09 17:38:36.797112+00:00
441,1,26.28,43.19,1013.01,391.22,4.37,2.38,4.29,5.28,,,,,2024-09-09 17:38:41.832837+00:00
442,1,19.43,87.66,1000.58,118.49,9.02,6.83,6.73,4.54,,,,,2024-09-09 17:38:46.885443+00:00
443,1,18.19,35.13,1030.17,458.76,2.91,7.64,5.1,4.32,,,,,2024-09-09 17:38:51.948032+00:00
444,1,15.47,57.97,1027.5,781.76,7.72,3.54,0.2,2.68,,,,,2024-09-09 17:38:56.978283+00:00
445,1,16.81,41.93,970.8,389.86,5.16,5.03,0.37,3.73,,,,,2024-09-09 17:39:02.030128+00:00
446,1,22.54,34.19,974.81,945.85,7.76,2.01,3.88,7.38,,,,,2024-09-09 17:39:07.068261+00:00
447,1,17.11,48.04,1003.16,987.97,4.99,5.72,0.79,0.11,,,,,2024-09-09 17:39:12.100570+00:00
448,1,28.14,75.38,1034.1,416.5,7.06,3.79,3.58,7.76,,,,,2024-09-09 17:39:17.136776+00:00
449,1,26.52,55.9,1016.8,234.47,6.25,7.04,5.93,2.35,,,,,2024-09-09 17:39:22.177552+00:00
450,1,18.42,44.26,962.44,33.19,9.39,7.74,7.9,1.21,,,,,2024-09-09 17:39:27.211494+00:00
451,1,28.01,36.49,984.21,188.26,4.53,7.26,7.36,8.06,,,,,2024-09-09 17:39:32.239897+00:00
452,1,29.01,61.67,1021.04,951.21,8.58,1.5,8.3,2.13,,,,,2024-09-09 17:39:37.327389+00:00
453,1,20.82,55.6,983.77,154.6,9.58,4.93,9.51,1.55,,,,,2024-09-09 17:39:42.375064+00:00
454,1,28.19,81.14,980.18,589.57,0.66,0.73,6.32,0.04,,,,,2024-09-09 17:39:47.403150+00:00
455,1,23.22,66.8,953.61,14.54,3.12,7.58,5.38,7.27,,,,,2024-09-09 17:39:52.456860+00:00
456,1,15.23,73.54,983.92,874.37,9.89,9.06,8.05,7.28,,,,,2024-09-09 17:39:57.492779+00:00
457,1,23.67,52.79,1023.34,545.07,8.53,7.8,7.5,4.65,,,,,2024-09-09 17:40:02.544175+00:00
458,1,25.01,45.89,951.63,982.19,7.39,0.78,8.01,3.81,,,,,2024-09-09 17:40:07.591639+00:00
459,1,29.4,75.36,962.06,113.29,8.04,8.61,1.16,8.74,,,,,2024-09-09 17:40:12.633103+00:00
460,1,24.25,85.24,950.49,953.15,5.82,1.53,4.14,4.75,,,,,2024-09-09 17:40:17.673104+00:00
461,1,26.92,89.07,1021.14,707.34,0.52,8.69,2.73,3.31,,,,,2024-09-09 17:40:22.708572+00:00
462,1,26.64,31.55,1036.56,15.94,6.51,0.86,5.3,7.11,,,,,2024-09-09 17:40:27.743670+00:00
463,1,24.59,43.31,1022.38,200.33,4.98,9.76,5.69,9.7,,,,,2024-09-09 17:40:32.802400+00:00
464,1,21.82,34.54,1008.67,823.13,2.35,9.23,7.67,4.77,,,,,2024-09-09 17:40:37.850564+00:00
465,1,15.54,74.23,954.9,727.31,3.95,1.73,4.78,3.12,,,,,2024-09-09 17:40:42.887599+00:00
466,1,29.05,54.33,1040.32,386.03,0.92,8.02,9.85,6.83,,,,,2024-09-09 17:40:47.918927+00:00
467,1,26.89,56.46,996.65,124.27,9.43,3.76,9.14,1.89,,,,,2024-09-09 17:40:53.012773+00:00
468,1,18.12,83.14,991.52,606.48,9.63,6.15,8.19,3.9,,,,,2024-09-09 17:40:58.075578+00:00
469,1,18.18,76.46,973.46,406.3,5.71,3.34,3.52,5.61,,,,,2024-09-09 17:41:03.111629+00:00
470,1,19.38,63.4,951.07,312.89,5.77,5.72,1.2,6.24,,,,,2024-09-09 17:41:08.142834+00:00
471,1,26.09,70.37,981.7,186.17,6.5,0.68,5.47,8.91,,,,,2024-09-09 17:41:13.174803+00:00
472,1,16.1,37.32,1010.62,85.93,0.31,3.15,2.87,9.72,,,,,2024-09-09 17:41:18.205037+00:00
473,1,29.4,50.66,955.2,272.69,4.28,2.86,6.24,7.5,,,,,2024-09-09 17:41:23.234417+00:00
474,1,23.97,50.95,1042.86,763.33,0.51,4.77,5.75,9.66,,,,,2024-09-09 17:41:28.268920+00:00
475,1,20.54,40.09,1009.28,6.89,2.21,8.62,5.62,0.18,,,,,2024-09-09 17:41:33.301439+00:00
476,1,17.75,31.12,954.44,429.48,3.15,5.21,9.8,5.25,,,,,2024-09-09 17:59:26.704286+00:00
477,1,26.43,56.0,1030.82,737.76,2.69,4.61,7.48,7.57,,,,,2024-09-09 17:59:31.765409+00:00
478,1,15.65,56.07,1026.47,395.54,0.31,8.1,7.96,6.16,,,,,2024-09-09 17:59:36.797030+00:00
479,1,23.02,,,,,,,,,,,,2024-09-09 17:59:42.784286+00:00
480,1,17.51,,,,,,,,,,,,2024-09-09 17:59:47.812285+00:00
481,1,20.34,,,,,,,,,,,,2024-09-09 17:59:52.845744+00:00
482,1,24.95,,,,,,,,,,,,2024-09-09 17:59:57.880170+00:00
483,1,18.51,,,,,,,,,,,,2024-09-09 18:00:02.917045+00:00
484,1,23.96,,,,,,,,,,,,2024-09-09 18:00:07.957710+00:00
485,1,23.44,,,,,,,,,,,,2024-09-09 18:00:13.003900+00:00
486,1,18.46,,,,,,,,,,,,2024-09-09 18:00:18.047039+00:00
487,1,28.98,,,,,,,,,,,,2024-09-09 18:00:23.081637+00:00
488,1,24.01,,,,,,,,,,,,2024-09-09 18:00:28.162305+00:00
489,1,23.46,,,,,,,,,,,,2024-09-09 18:00:33.277179+00:00
490,1,20.55,,,,,,,,,,,,2024-09-09 18:00:38.361491+00:00
491,1,29.95,,,,,,,,,,,,2024-09-09 18:00:43.501689+00:00
492,1,17.06,,,,,,,,,,,,2024-09-09 18:00:48.671625+00:00
493,1,19.64,,,,,,,,,,,,2024-09-09 18:00:54.316766+00:00
494,1,19.22,,,,,,,,,,,,2024-09-09 18:00:59.365362+00:00
495,1,22.59,,,,,,,,,,,,2024-09-09 18:01:04.395118+00:00
496,1,15.06,,,,,,,,,,,,2024-09-09 18:01:09.434244+00:00
497,1,23.65,,,,,,,,,,,,2024-09-09 18:01:14.487555+00:00
498,1,26.4,,,,,,,,,,,,2024-09-09 18:01:19.521942+00:00
499,1,15.49,,,,,,,,,,,,2024-09-09 18:01:24.550671+00:00
500,1,17.61,,,,,,,,,,,,2024-09-09 18:01:29.622261+00:00
501,1,24.46,,,,,,,,,,,,2024-09-09 18:01:34.661290+00:00
502,1,18.4,,,,,,,,,,,,2024-09-09 18:01:39.691394+00:00
503,1,24.42,,,,,,,,,,,,2024-09-09 18:01:44.743801+00:00
504,1,23.75,,,,,,,,,,,,2024-09-09 18:01:49.780055+00:00
505,1,15.25,,,,,,,,,,,,2024-09-09 18:01:54.808995+00:00
506,1,24.29,,,,,,,,,,,,2024-09-09 18:01:59.838964+00:00
507,1,27.52,,,,,,,,,,,,2024-09-09 18:02:04.897222+00:00
508,1,23.17,,,,,,,,,,,,2024-09-09 18:02:09.939002+00:00
509,1,29.64,,,,,,,,,,,,2024-09-09 18:02:14.969019+00:00
510,1,15.74,,,,,,,,,,,,2024-09-09 18:02:19.998556+00:00
511,1,16.89,,,,,,,,,,,,2024-09-09 18:02:25.027984+00:00
512,1,23.17,,,,,,,,,,,,2024-09-09 18:02:30.059504+00:00
513,1,27.15,,,,,,,,,,,,2024-09-09 18:02:35.124483+00:00
514,1,16.02,,,,,,,,,,,,2024-09-09 18:02:40.162290+00:00
515,1,27.32,,,,,,,,,,,,2024-09-09 18:02:45.193565+00:00
516,1,23.92,,,,,,,,,,,,2024-09-09 18:02:50.224691+00:00
517,1,26.26,,,,,,,,,,,,2024-09-09 18:02:55.252689+00:00
518,1,23.47,,,,,,,,,,,,2024-09-09 18:03:00.286216+00:00
519,1,28.2,,,,,,,,,,,,2024-09-09 18:03:05.620429+00:00
520,1,22.7,,,,,,,,,,,,2024-09-09 18:03:10.680423+00:00
521,1,23.24,,,,,,,,,,,,2024-09-09 18:03:15.734111+00:00
522,1,20.58,,,,,,,,,,,,2024-09-09 18:03:20.764284+00:00
523,1,17.16,,,,,,,,,,,,2024-09-09 18:03:25.822413+00:00
524,1,16.32,,,,,,,,,,,,2024-09-09 18:03:30.871086+00:00
525,1,25.65,,,,,,,,,,,,2024-09-09 18:03:35.904203+00:00
526,1,17.38,,,,,,,,,,,,2024-09-09 18:03:40.937772+00:00
527,1,27.11,,,,,,,,,,,,2024-09-09 18:03:45.966826+00:00
528,1,18.31,,,,,,,,,,,,2024-09-09 18:03:51.062588+00:00
529,1,19.23,,,,,,,,,,,,2024-09-09 18:03:56.096249+00:00
530,1,16.86,,,,,,,,,,,,2024-09-09 18:04:01.169692+00:00
531,1,15.5,,,,,,,,,,,,2024-09-09 18:04:06.204918+00:00
532,1,28.85,,,,,,,,,,,,2024-09-09 18:04:11.232476+00:00
533,1,15.2,,,,,,,,,,,,2024-09-09 18:04:16.265344+00:00
534,1,19.41,,,,,,,,,,,,2024-09-09 18:04:21.293900+00:00
535,1,26.7,,,,,,,,,,,,2024-09-09 18:04:26.325536+00:00
536,1,16.21,,,,,,,,,,,,2024-09-09 18:04:31.354706+00:00
537,1,29.34,,,,,,,,,,,,2024-09-09 18:04:36.387704+00:00
538,1,25.66,,,,,,,,,,,,2024-09-09 18:04:41.437959+00:00
539,1,29.26,,,,,,,,,,,,2024-09-09 18:04:46.471229+00:00
540,1,15.0,,,,,,,,,,,,2024-09-09 18:04:51.498338+00:00
541,1,26.13,,,,,,,,,,,,2024-09-09 18:04:56.522970+00:00
542,1,28.75,,,,,,,,,,,,2024-09-09 18:05:01.555872+00:00
543,1,16.97,,,,,,,,,,,,2024-09-09 18:05:06.587891+00:00
544,1,19.91,,,,,,,,,,,,2024-09-09 18:05:11.647933+00:00
545,1,22.15,,,,,,,,,,,,2024-09-09 18:05:16.694634+00:00
546,1,22.6,,,,,,,,,,,,2024-09-09 18:05:21.721099+00:00
547,1,28.17,,,,,,,,,,,,2024-09-09 18:05:26.782975+00:00
548,1,17.58,,,,,,,,,,,,2024-09-09 18:05:31.828161+00:00
549,1,22.64,,,,,,,,,,,,2024-09-09 18:05:36.863227+00:00
550,1,24.72,,,,,,,,,,,,2024-09-09 18:05:41.891733+00:00
551,1,20.66,,,,,,,,,,,,2024-09-09 18:05:46.924106+00:00
552,1,24.99,,,,,,,,,,,,2024-09-09 18:05:51.950823+00:00
553,1,27.64,,,,,,,,,,,,2024-09-09 18:05:56.975753+00:00
554,1,25.71,,,,,,,,,,,,2024-09-09 18:06:02.006001+00:00
555,1,26.95,,,,,,,,,,,,2024-09-09 18:06:07.036922+00:00
556,1,21.68,,,,,,,,,,,,2024-09-09 18:06:12.063799+00:00
557,1,21.86,,,,,,,,,,,,2024-09-09 18:06:17.094544+00:00
558,1,28.44,,,,,,,,,,,,2024-09-09 18:06:22.124148+00:00
559,1,15.17,,,,,,,,,,,,2024-09-09 18:06:27.152371+00:00
560,1,25.97,,,,,,,,,,,,2024-09-09 18:06:32.183045+00:00
561,1,23.58,,,,,,,,,,,,2024-09-09 18:06:37.213590+00:00
562,1,15.55,,,,,,,,,,,,2024-09-09 18:06:42.240421+00:00
563,1,25.33,,,,,,,,,,,,2024-09-09 18:06:47.266848+00:00
564,1,28.68,,,,,,,,,,,,2024-09-09 18:06:52.298909+00:00
565,1,29.81,,,,,,,,,,,,2024-09-09 18:06:57.326287+00:00
566,1,18.16,,,,,,,,,,,,2024-09-09 18:07:02.355658+00:00
567,1,17.58,,,,,,,,,,,,2024-09-09 18:07:07.386696+00:00
568,1,19.73,,,,,,,,,,,,2024-09-09 18:07:12.419044+00:00
569,1,25.55,,,,,,,,,,,,2024-09-09 18:07:17.446368+00:00
570,1,20.15,,,,,,,,,,,,2024-09-09 18:07:22.478612+00:00
571,1,15.07,,,,,,,,,,,,2024-09-09 18:07:27.506202+00:00
572,1,19.01,,,,,,,,,,,,2024-09-09 18:07:32.534577+00:00
573,1,28.69,,,,,,,,,,,,2024-09-09 18:07:37.573954+00:00
574,1,23.79,,,,,,,,,,,,2024-09-09 18:07:42.603857+00:00
575,1,18.49,,,,,,,,,,,,2024-09-09 18:07:47.638999+00:00
576,1,28.29,,,,,,,,,,,,2024-09-09 18:07:52.668622+00:00
577,1,25.51,,,,,,,,,,,,2024-09-09 18:07:57.695066+00:00
578,1,24.82,,,,,,,,,,,,2024-09-09 18:08:02.731700+00:00
579,1,28.78,,,,,,,,,,,,2024-09-09 18:08:07.762866+00:00
580,1,29.59,,,,,,,,,,,,2024-09-09 18:08:12.790876+00:00
581,1,29.45,,,,,,,,,,,,2024-09-09 18:08:17.818137+00:00
582,1,26.41,,,,,,,,,,,,2024-09-09 18:08:22.848568+00:00
583,1,26.65,,,,,,,,,,,,2024-09-09 18:08:27.875644+00:00
584,1,15.81,,,,,,,,,,,,2024-09-09 18:08:32.908777+00:00
585,1,28.8,,,,,,,,,,,,2024-09-09 18:08:37.939163+00:00
586,1,23.38,,,,,,,,,,,,2024-09-09 18:08:42.972656+00:00
587,1,17.35,,,,,,,,,,,,2024-09-09 18:08:48.004075+00:00
588,1,19.87,,,,,,,,,,,,2024-09-09 18:08:53.033402+00:00
589,1,22.1,,,,,,,,,,,,2024-09-09 18:08:58.064613+00:00
590,1,27.74,,,,,,,,,,,,2024-09-09 18:09:03.091386+00:00
591,1,18.56,,,,,,,,,,,,2024-09-09 18:09:08.128419+00:00
592,1,20.44,,,,,,,,,,,,2024-09-09 18:09:13.156663+00:00
593,1,19.79,,,,,,,,,,,,2024-09-09 18:09:18.197989+00:00
594,1,18.57,,,,,,,,,,,,2024-09-09 18:09:23.253772+00:00
595,1,25.75,,,,,,,,,,,,2024-09-09 18:09:28.303217+00:00
596,1,18.88,,,,,,,,,,,,2024-09-09 18:09:33.353271+00:00
597,1,28.64,,,,,,,,,,,,2024-09-09 18:09:38.393025+00:00
598,1,17.06,,,,,,,,,,,,2024-09-09 18:09:43.420433+00:00
599,1,24.01,,,,,,,,,,,,2024-09-09 18:09:48.447958+00:00
600,1,17.28,,,,,,,,,,,,2024-09-09 18:09:53.476468+00:00
601,1,17.94,,,,,,,,,,,,2024-09-09 18:09:58.505388+00:00
602,1,23.81,,,,,,,,,,,,2024-09-09 18:10:03.532858+00:00
603,1,26.62,,,,,,,,,,,,2024-09-09 18:10:08.562473+00:00
604,1,18.85,,,,,,,,,,,,2024-09-09 18:10:13.595057+00:00
605,1,17.88,,,,,,,,,,,,2024-09-09 18:10:18.625740+00:00
606,1,25.22,,,,,,,,,,,,2024-09-09 18:10:23.655926+00:00
607,1,21.81,,,,,,,,,,,,2024-09-09 18:10:28.684837+00:00
608,1,19.11,,,,,,,,,,,,2024-09-09 18:10:33.710523+00:00
609,1,28.97,,,,,,,,,,,,2024-09-09 18:10:38.740502+00:00
610,1,29.95,,,,,,,,,,,,2024-09-09 18:10:43.772509+00:00
611,1,28.66,,,,,,,,,,,,2024-09-09 18:10:48.801516+00:00
612,1,29.32,,,,,,,,,,,,2024-09-09 18:10:53.829242+00:00
613,1,27.05,,,,,,,,,,,,2024-09-09 18:10:58.895034+00:00
614,1,23.26,,,,,,,,,,,,2024-09-09 18:11:03.958336+00:00
615,1,22.09,,,,,,,,,,,,2024-09-09 18:11:08.987840+00:00
616,1,16.52,,,,,,,,,,,,2024-09-09 18:11:14.018152+00:00
617,1,24.92,,,,,,,,,,,,2024-09-09 18:11:19.047844+00:00
618,1,15.97,,,,,,,,,,,,2024-09-09 18:11:24.078635+00:00
619,1,24.29,,,,,,,,,,,,2024-09-09 18:11:29.129553+00:00
620,1,19.7,,,,,,,,,,,,2024-09-09 18:11:34.166802+00:00
621,1,26.81,,,,,,,,,,,,2024-09-09 18:11:39.196808+00:00
622,1,15.01,,,,,,,,,,,,2024-09-09 18:11:44.236848+00:00
623,1,27.9,,,,,,,,,,,,2024-09-09 18:11:49.269000+00:00
624,1,22.9,,,,,,,,,,,,2024-09-09 18:11:54.306617+00:00
625,1,15.2,,,,,,,,,,,,2024-09-09 18:11:59.344554+00:00
626,1,21.85,,,,,,,,,,,,2024-09-09 18:12:04.381571+00:00
627,1,27.73,,,,,,,,,,,,2024-09-09 18:12:09.433499+00:00
628,1,17.28,,,,,,,,,,,,2024-09-09 18:12:14.466392+00:00
629,1,29.74,,,,,,,,,,,,2024-09-09 18:12:19.498024+00:00
630,1,21.88,,,,,,,,,,,,2024-09-09 18:12:24.530637+00:00
631,1,24.35,,,,,,,,,,,,2024-09-09 18:12:29.563946+00:00
632,1,28.31,,,,,,,,,,,,2024-09-09 18:12:34.617349+00:00
633,1,16.85,,,,,,,,,,,,2024-09-09 18:12:39.659108+00:00
634,1,29.94,,,,,,,,,,,,2024-09-09 18:12:44.705912+00:00
635,1,24.13,,,,,,,,,,,,2024-09-09 18:12:49.741000+00:00
636,1,18.46,,,,,,,,,,,,2024-09-09 18:12:54.789741+00:00
637,1,22.94,,,,,,,,,,,,2024-09-09 18:12:59.822204+00:00
638,1,16.63,,,,,,,,,,,,2024-09-09 18:13:04.851189+00:00
639,1,25.8,,,,,,,,,,,,2024-09-09 18:13:09.877763+00:00
640,1,26.56,,,,,,,,,,,,2024-09-09 18:13:14.904909+00:00
641,1,27.02,,,,,,,,,,,,2024-09-09 18:13:19.941707+00:00
642,1,16.0,,,,,,,,,,,,2024-09-09 18:13:24.982396+00:00
643,1,29.4,,,,,,,,,,,,2024-09-09 18:13:30.009571+00:00
644,1,23.73,,,,,,,,,,,,2024-09-09 18:13:35.040149+00:00
645,1,25.53,,,,,,,,,,,,2024-09-09 18:13:40.075278+00:00
646,1,19.05,,,,,,,,,,,,2024-09-09 18:13:45.107453+00:00
647,1,20.67,,,,,,,,,,,,2024-09-09 18:13:50.169949+00:00
648,1,23.13,,,,,,,,,,,,2024-09-09 18:13:55.207441+00:00
649,1,20.95,,,,,,,,,,,,2024-09-09 18:14:00.257838+00:00
650,1,26.73,,,,,,,,,,,,2024-09-09 18:14:05.314949+00:00
651,1,15.3,,,,,,,,,,,,2024-09-09 18:14:10.355280+00:00
652,1,22.05,,,,,,,,,,,,2024-09-09 18:14:15.390796+00:00
653,1,27.92,,,,,,,,,,,,2024-09-09 18:14:20.428870+00:00
654,1,17.53,,,,,,,,,,,,2024-09-09 18:14:25.467149+00:00
655,1,29.39,,,,,,,,,,,,2024-09-09 18:14:30.493183+00:00
656,1,19.96,,,,,,,,,,,,2024-09-09 18:14:35.535075+00:00
657,1,21.46,,,,,,,,,,,,2024-09-09 18:14:40.567033+00:00
658,1,26.61,,,,,,,,,,,,2024-09-09 18:14:45.597997+00:00
659,1,28.99,,,,,,,,,,,,2024-09-09 18:14:50.640640+00:00
660,1,26.06,,,,,,,,,,,,2024-09-09 18:14:55.673104+00:00
661,1,16.58,,,,,,,,,,,,2024-09-09 18:15:00.708783+00:00
662,1,24.95,,,,,,,,,,,,2024-09-09 18:15:05.776456+00:00
663,1,25.99,,,,,,,,,,,,2024-09-09 18:15:10.808855+00:00
664,1,19.88,,,,,,,,,,,,2024-09-09 18:15:15.842194+00:00
665,1,22.2,,,,,,,,,,,,2024-09-09 18:15:20.871441+00:00
666,1,23.92,,,,,,,,,,,,2024-09-09 18:15:25.902123+00:00
667,1,22.55,,,,,,,,,,,,2024-09-09 18:15:30.933551+00:00
668,1,15.72,,,,,,,,,,,,2024-09-09 18:15:35.965776+00:00
669,1,29.86,,,,,,,,,,,,2024-09-09 18:15:40.999457+00:00
670,1,18.34,,,,,,,,,,,,2024-09-09 18:15:46.028080+00:00
671,1,22.59,,,,,,,,,,,,2024-09-09 18:15:51.060940+00:00
672,1,22.7,,,,,,,,,,,,2024-09-09 18:15:56.095521+00:00
673,1,23.71,,,,,,,,,,,,2024-09-09 18:16:01.127263+00:00
674,1,27.76,,,,,,,,,,,,2024-09-09 18:16:06.158576+00:00
675,1,15.69,,,,,,,,,,,,2024-09-09 18:16:11.186796+00:00
676,1,28.26,,,,,,,,,,,,2024-09-09 18:16:16.214619+00:00
677,1,29.61,,,,,,,,,,,,2024-09-09 18:16:21.246943+00:00
678,1,17.84,,,,,,,,,,,,2024-09-09 18:16:26.273685+00:00
679,1,23.81,,,,,,,,,,,,2024-09-09 18:16:31.303506+00:00
680,1,25.88,,,,,,,,,,,,2024-09-09 18:16:36.332580+00:00
681,1,15.37,,,,,,,,,,,,2024-09-09 18:16:41.364960+00:00
682,1,26.16,,,,,,,,,,,,2024-09-09 18:16:46.393212+00:00
683,1,25.85,,,,,,,,,,,,2024-09-09 18:16:51.421218+00:00
684,1,29.96,,,,,,,,,,,,2024-09-09 18:16:56.450213+00:00
685,1,20.99,,,,,,,,,,,,2024-09-09 18:17:01.476644+00:00
686,1,15.57,,,,,,,,,,,,2024-09-09 18:17:06.526815+00:00
687,1,24.13,,,,,,,,,,,,2024-09-09 18:17:11.599112+00:00
688,1,21.52,,,,,,,,,,,,2024-09-09 18:17:16.646827+00:00
689,1,26.06,,,,,,,,,,,,2024-09-09 18:17:21.712338+00:00
690,1,28.48,,,,,,,,,,,,2024-09-09 18:17:26.822727+00:00
691,1,22.6,,,,,,,,,,,,2024-09-09 18:17:31.882428+00:00
692,1,16.29,,,,,,,,,,,,2024-09-09 18:17:36.917630+00:00
693,1,29.23,,,,,,,,,,,,2024-09-09 18:17:41.949695+00:00
694,1,28.64,,,,,,,,,,,,2024-09-09 18:17:46.984736+00:00
695,1,25.41,,,,,,,,,,,,2024-09-09 18:17:52.013595+00:00
696,1,25.4,,,,,,,,,,,,2024-09-09 18:17:57.045606+00:00
697,1,26.94,,,,,,,,,,,,2024-09-09 18:18:02.155314+00:00
698,1,16.83,,,,,,,,,,,,2024-09-09 18:18:07.333225+00:00
699,1,16.21,,,,,,,,,,,,2024-09-09 18:18:12.417686+00:00
700,1,28.21,,,,,,,,,,,,2024-09-09 18:18:17.451041+00:00
701,1,19.96,,,,,,,,,,,,2024-09-09 18:18:22.500987+00:00
702,1,27.94,,,,,,,,,,,,2024-09-09 18:18:27.534342+00:00
703,1,19.89,,,,,,,,,,,,2024-09-09 18:18:32.564395+00:00
704,1,24.0,,,,,,,,,,,,2024-09-09 18:18:37.594886+00:00
705,1,21.15,,,,,,,,,,,,2024-09-09 18:18:42.657176+00:00
706,1,20.9,,,,,,,,,,,,2024-09-09 18:18:47.718212+00:00
707,1,27.27,,,,,,,,,,,,2024-09-09 18:18:52.763012+00:00
708,1,19.09,,,,,,,,,,,,2024-09-09 18:18:57.799074+00:00
709,1,21.12,,,,,,,,,,,,2024-09-09 18:19:02.887497+00:00
710,1,19.11,,,,,,,,,,,,2024-09-09 18:19:07.979970+00:00
711,1,18.02,,,,,,,,,,,,2024-09-09 18:19:13.037399+00:00
712,1,28.28,,,,,,,,,,,,2024-09-09 18:19:18.079558+00:00
713,1,19.33,,,,,,,,,,,,2024-09-09 18:19:23.164434+00:00
714,1,22.89,,,,,,,,,,,,2024-09-09 18:19:28.213980+00:00
715,1,27.89,,,,,,,,,,,,2024-09-09 18:19:33.269535+00:00
716,1,21.96,,,,,,,,,,,,2024-09-09 18:19:38.303957+00:00
717,1,19.8,,,,,,,,,,,,2024-09-09 18:19:43.333097+00:00
718,1,27.09,,,,,,,,,,,,2024-09-09 18:19:48.363068+00:00
719,1,24.67,,,,,,,,,,,,2024-09-09 18:19:53.397520+00:00
720,1,21.79,,,,,,,,,,,,2024-09-09 18:19:58.430150+00:00
721,1,19.6,,,,,,,,,,,,2024-09-09 18:20:03.469437+00:00
722,1,18.51,,,,,,,,,,,,2024-09-09 18:20:08.512681+00:00
723,1,29.19,,,,,,,,,,,,2024-09-09 18:20:13.596371+00:00
724,1,28.63,,,,,,,,,,,,2024-09-09 18:20:18.728169+00:00
725,1,21.28,,,,,,,,,,,,2024-09-09 18:20:23.814017+00:00
726,1,26.59,,,,,,,,,,,,2024-09-09 18:20:28.865915+00:00
727,1,23.13,,,,,,,,,,,,2024-09-09 18:20:33.947773+00:00
728,1,25.82,,,,,,,,,,,,2024-09-09 18:20:39.071597+00:00
729,1,15.27,,,,,,,,,,,,2024-09-09 18:20:44.277952+00:00
730,1,23.49,,,,,,,,,,,,2024-09-09 18:20:49.493699+00:00
731,1,25.73,,,,,,,,,,,,2024-09-09 18:20:54.760005+00:00
732,1,19.73,,,,,,,,,,,,2024-09-09 18:20:59.850419+00:00
733,1,29.73,,,,,,,,,,,,2024-09-09 18:21:04.952575+00:00
734,1,28.31,,,,,,,,,,,,2024-09-09 18:21:10.038061+00:00
735,1,29.77,,,,,,,,,,,,2024-09-09 18:21:15.086796+00:00
736,1,22.48,,,,,,,,,,,,2024-09-09 18:21:20.130022+00:00
737,1,26.69,,,,,,,,,,,,2024-09-09 18:21:25.232890+00:00
738,1,17.29,,,,,,,,,,,,2024-09-09 18:21:30.326400+00:00
739,1,19.9,,,,,,,,,,,,2024-09-09 18:21:35.426629+00:00
740,1,21.13,,,,,,,,,,,,2024-09-09 18:21:40.532570+00:00
741,1,16.04,,,,,,,,,,,,2024-09-09 18:21:45.597963+00:00
742,1,19.52,,,,,,,,,,,,2024-09-09 18:21:50.695842+00:00
743,1,17.23,,,,,,,,,,,,2024-09-09 18:21:55.768163+00:00
744,1,24.43,,,,,,,,,,,,2024-09-09 18:22:00.842794+00:00
745,1,28.19,,,,,,,,,,,,2024-09-09 18:22:05.946294+00:00
746,1,19.51,,,,,,,,,,,,2024-09-09 18:22:11.012616+00:00
747,1,28.35,,,,,,,,,,,,2024-09-09 18:22:16.086355+00:00
748,1,18.48,,,,,,,,,,,,2024-09-09 18:22:21.150889+00:00
749,1,19.19,,,,,,,,,,,,2024-09-09 18:22:26.198156+00:00
750,1,21.13,,,,,,,,,,,,2024-09-09 18:22:31.234197+00:00
751,1,17.08,,,,,,,,,,,,2024-09-09 18:22:36.274276+00:00
752,1,23.65,,,,,,,,,,,,2024-09-09 18:22:41.306300+00:00
753,1,27.88,,,,,,,,,,,,2024-09-09 18:22:46.340861+00:00
754,1,26.71,,,,,,,,,,,,2024-09-09 18:22:51.385560+00:00
755,1,16.64,,,,,,,,,,,,2024-09-09 18:22:56.424521+00:00
756,1,29.54,,,,,,,,,,,,2024-09-09 18:23:01.492520+00:00
757,1,16.1,,,,,,,,,,,,2024-09-09 18:23:06.530233+00:00
758,1,17.64,,,,,,,,,,,,2024-09-09 18:23:11.560850+00:00
759,1,17.38,,,,,,,,,,,,2024-09-09 18:23:16.597307+00:00
760,1,25.87,,,,,,,,,,,,2024-09-09 18:23:21.633394+00:00
761,1,28.64,,,,,,,,,,,,2024-09-09 18:23:26.676350+00:00
762,1,17.76,,,,,,,,,,,,2024-09-09 18:23:31.715802+00:00
763,1,22.43,,,,,,,,,,,,2024-09-09 18:23:36.746451+00:00
764,1,21.13,,,,,,,,,,,,2024-09-09 18:23:41.797315+00:00
765,1,19.51,,,,,,,,,,,,2024-09-09 18:23:46.847618+00:00
766,1,18.73,,,,,,,,,,,,2024-09-09 18:23:51.897933+00:00
767,1,23.78,,,,,,,,,,,,2024-09-09 18:23:56.938480+00:00
768,1,26.97,,,,,,,,,,,,2024-09-09 18:24:01.990765+00:00
769,1,26.95,,,,,,,,,,,,2024-09-09 18:24:07.032031+00:00
770,1,20.27,,,,,,,,,,,,2024-09-09 18:24:12.074097+00:00
771,1,15.37,,,,,,,,,,,,2024-09-09 18:24:17.120102+00:00
772,1,25.47,,,,,,,,,,,,2024-09-09 18:24:22.177280+00:00
773,1,25.8,,,,,,,,,,,,2024-09-09 18:24:27.232666+00:00
774,1,15.27,,,,,,,,,,,,2024-09-09 18:24:32.262705+00:00
775,1,25.57,,,,,,,,,,,,2024-09-09 18:24:37.292182+00:00
776,1,27.44,,,,,,,,,,,,2024-09-09 18:24:42.320431+00:00
777,1,25.34,,,,,,,,,,,,2024-09-09 18:24:47.350949+00:00
778,1,20.66,,,,,,,,,,,,2024-09-09 18:24:52.447257+00:00
779,1,23.76,,,,,,,,,,,,2024-09-09 18:24:57.508414+00:00
780,1,24.09,,,,,,,,,,,,2024-09-09 18:25:02.568021+00:00
781,1,16.98,,,,,,,,,,,,2024-09-09 18:25:07.621592+00:00
782,1,18.65,,,,,,,,,,,,2024-09-09 18:25:12.667995+00:00
783,1,25.58,,,,,,,,,,,,2024-09-09 18:25:17.737359+00:00
784,1,29.17,,,,,,,,,,,,2024-09-09 18:25:22.769596+00:00
785,1,16.81,,,,,,,,,,,,2024-09-09 18:25:27.802798+00:00
786,1,17.27,,,,,,,,,,,,2024-09-09 18:25:32.837701+00:00
787,1,24.55,,,,,,,,,,,,2024-09-09 18:25:37.871472+00:00
788,1,16.05,,,,,,,,,,,,2024-09-09 18:25:42.925142+00:00
789,1,15.48,,,,,,,,,,,,2024-09-09 18:25:47.975302+00:00
790,1,20.53,,,,,,,,,,,,2024-09-09 18:25:53.005897+00:00
791,1,18.12,,,,,,,,,,,,2024-09-09 18:25:58.036536+00:00
792,1,20.59,,,,,,,,,,,,2024-09-09 18:26:03.068520+00:00
793,1,23.83,,,,,,,,,,,,2024-09-09 18:26:08.218276+00:00
794,1,16.22,,,,,,,,,,,,2024-09-09 18:26:13.398590+00:00
795,1,29.04,,,,,,,,,,,,2024-09-09 18:26:18.556188+00:00
796,1,19.99,,,,,,,,,,,,2024-09-09 18:26:23.590344+00:00
797,1,20.23,,,,,,,,,,,,2024-09-09 18:26:28.625283+00:00
798,1,17.56,,,,,,,,,,,,2024-09-09 18:26:33.664356+00:00
799,1,20.32,,,,,,,,,,,,2024-09-09 18:26:38.696796+00:00
800,1,28.11,,,,,,,,,,,,2024-09-09 18:26:43.730227+00:00
801,1,27.01,,,,,,,,,,,,2024-09-09 18:26:48.762661+00:00
802,1,18.92,,,,,,,,,,,,2024-09-09 18:26:53.824249+00:00
803,1,21.5,,,,,,,,,,,,2024-09-09 18:26:58.861077+00:00
804,1,25.54,,,,,,,,,,,,2024-09-09 18:27:03.890831+00:00
805,1,22.18,,,,,,,,,,,,2024-09-09 18:27:08.920312+00:00
806,1,26.19,,,,,,,,,,,,2024-09-09 18:27:13.972591+00:00
807,1,27.48,,,,,,,,,,,,2024-09-09 18:27:19.010054+00:00
808,1,27.61,,,,,,,,,,,,2024-09-09 18:27:24.045062+00:00
809,1,17.48,,,,,,,,,,,,2024-09-09 18:27:29.078083+00:00
810,1,18.61,,,,,,,,,,,,2024-09-09 18:27:34.115900+00:00
811,1,20.35,,,,,,,,,,,,2024-09-09 18:27:39.168078+00:00
812,1,21.25,,,,,,,,,,,,2024-09-09 18:27:44.275478+00:00
813,1,25.93,,,,,,,,,,,,2024-09-09 18:27:49.308876+00:00
814,1,15.48,,,,,,,,,,,,2024-09-09 18:27:54.342458+00:00
815,1,27.76,,,,,,,,,,,,2024-09-09 18:27:59.379921+00:00
816,1,20.99,,,,,,,,,,,,2024-09-09 18:28:04.419136+00:00
817,1,20.98,,,,,,,,,,,,2024-09-09 18:28:09.458450+00:00
818,1,18.72,,,,,,,,,,,,2024-09-09 18:28:14.488434+00:00
819,1,27.07,,,,,,,,,,,,2024-09-09 18:28:19.620834+00:00
820,1,28.92,,,,,,,,,,,,2024-09-09 18:34:49.386754+00:00
821,1,28.18,,,,,,,,,,,,2024-09-09 18:34:54.427136+00:00
822,1,16.45,,,,,,,,,,,,2024-09-09 18:34:59.466798+00:00
823,1,16.91,,,,,,,,,,,,2024-09-09 18:35:04.494742+00:00
824,1,29.56,,,,,,,,,,,,2024-09-09 18:35:09.563279+00:00
825,1,25.64,,,,,,,,,,,,2024-09-09 18:35:14.617093+00:00
826,1,17.21,,,,,,,,,,,,2024-09-09 18:35:19.648944+00:00
827,1,19.26,,,,,,,,,,,,2024-09-09 18:35:24.693612+00:00
828,1,21.37,,,,,,,,,,,,2024-09-09 18:35:29.758223+00:00
829,1,21.7,,,,,,,,,,,,2024-09-09 18:35:34.790404+00:00
830,1,24.9,,,,,,,,,,,,2024-09-09 18:35:39.824248+00:00
831,1,19.58,,,,,,,,,,,,2024-09-09 18:35:44.867391+00:00
832,1,20.71,,,,,,,,,,,,2024-09-09 18:35:49.928234+00:00
833,1,20.9,,,,,,,,,,,,2024-09-09 18:35:54.982866+00:00
834,1,23.79,,,,,,,,,,,,2024-09-09 18:36:00.040545+00:00
835,1,25.73,,,,,,,,,,,,2024-09-09 18:36:05.088589+00:00
836,1,27.18,,,,,,,,,,,,2024-09-09 18:36:10.172136+00:00
837,1,27.67,,,,,,,,,,,,2024-09-09 18:36:15.223341+00:00
838,1,28.97,,,,,,,,,,,,2024-09-09 18:36:20.280629+00:00
839,1,15.97,,,,,,,,,,,,2024-09-09 18:36:25.386801+00:00
840,1,15.1,,,,,,,,,,,,2024-09-09 18:36:30.432596+00:00
841,1,27.9,,,,,,,,,,,,2024-09-09 18:36:35.468799+00:00
842,1,26.61,,,,,,,,,,,,2024-09-09 18:36:40.508720+00:00
843,1,24.49,,,,,,,,,,,,2024-09-09 18:36:45.548352+00:00
844,1,22.22,,,,,,,,,,,,2024-09-09 18:36:50.583799+00:00
845,1,19.88,,,,,,,,,,,,2024-09-09 18:36:55.611811+00:00
846,1,27.03,,,,,,,,,,,,2024-09-09 18:37:00.647862+00:00
847,1,17.08,,,,,,,,,,,,2024-09-09 18:37:05.698775+00:00
848,1,17.59,,,,,,,,,,,,2024-09-09 18:37:10.745060+00:00
849,1,22.38,,,,,,,,,,,,2024-09-09 18:37:15.790399+00:00
850,1,23.39,,,,,,,,,,,,2024-09-09 18:37:20.833282+00:00
851,1,20.08,,,,,,,,,,,,2024-09-09 18:37:25.948342+00:00
852,1,15.25,,,,,,,,,,,,2024-09-09 18:37:31.173915+00:00
853,1,19.0,,,,,,,,,,,,2024-09-09 18:37:36.211406+00:00
854,1,29.47,,,,,,,,,,,,2024-09-09 18:37:41.270245+00:00
855,1,17.78,,,,,,,,,,,,2024-09-09 18:37:46.307483+00:00
856,1,20.43,,,,,,,,,,,,2024-09-09 18:37:51.337063+00:00
857,1,20.21,,,,,,,,,,,,2024-09-09 18:37:56.378313+00:00
858,1,18.85,,,,,,,,,,,,2024-09-09 18:38:01.430954+00:00
859,1,17.18,,,,,,,,,,,,2024-09-09 18:38:06.475418+00:00
860,1,23.43,,,,,,,,,,,,2024-09-09 18:38:11.520282+00:00
861,1,22.09,,,,,,,,,,,,2024-09-09 18:38:16.558338+00:00
862,1,28.35,,,,,,,,,,,,2024-09-09 18:38:21.588528+00:00
863,1,15.92,,,,,,,,,,,,2024-09-09 18:38:26.625154+00:00
864,1,18.55,,,,,,,,,,,,2024-09-09 18:38:31.663556+00:00
865,1,19.55,,,,,,,,,,,,2024-09-09 18:38:36.730750+00:00
866,1,24.74,,,,,,,,,,,,2024-09-09 18:38:41.823151+00:00
867,1,26.21,,,,,,,,,,,,2024-09-09 18:38:46.858957+00:00
868,1,18.76,,,,,,,,,,,,2024-09-09 18:38:51.890981+00:00
869,1,15.52,,,,,,,,,,,,2024-09-09 18:38:56.940830+00:00
870,1,17.98,,,,,,,,,,,,2024-09-09 18:39:01.971157+00:00
871,1,25.81,,,,,,,,,,,,2024-09-09 18:39:07.011114+00:00
872,1,17.06,,,,,,,,,,,,2024-09-09 18:39:12.141539+00:00
873,1,26.46,,,,,,,,,,,,2024-09-09 18:39:17.233533+00:00
874,1,17.05,,,,,,,,,,,,2024-09-09 18:39:22.361815+00:00
875,1,15.33,,,,,,,,,,,,2024-09-09 18:39:27.412721+00:00
876,1,29.24,,,,,,,,,,,,2024-09-09 18:39:32.485316+00:00
877,1,18.33,,,,,,,,,,,,2024-09-09 18:39:37.546765+00:00
878,1,22.29,,,,,,,,,,,,2024-09-09 18:39:42.587131+00:00
879,1,15.29,,,,,,,,,,,,2024-09-09 18:39:47.701496+00:00
880,1,22.97,,,,,,,,,,,,2024-09-09 18:39:52.756928+00:00
881,1,24.46,,,,,,,,,,,,2024-09-09 18:39:57.982828+00:00
882,1,25.72,,,,,,,,,,,,2024-09-09 18:40:03.061963+00:00
883,1,21.13,,,,,,,,,,,,2024-09-09 18:40:08.119163+00:00
884,1,21.38,,,,,,,,,,,,2024-09-09 18:40:13.209864+00:00
885,1,26.13,,,,,,,,,,,,2024-09-09 18:40:18.275879+00:00
886,1,17.19,,,,,,,,,,,,2024-09-09 18:40:23.337764+00:00
887,1,21.01,,,,,,,,,,,,2024-09-09 18:40:28.401178+00:00
888,1,25.68,,,,,,,,,,,,2024-09-09 18:40:33.519449+00:00
889,1,15.74,,,,,,,,,,,,2024-09-09 18:40:38.575733+00:00
890,1,24.0,,,,,,,,,,,,2024-09-09 18:40:43.609565+00:00
891,1,21.02,,,,,,,,,,,,2024-09-09 18:40:48.677587+00:00
892,1,22.69,,,,,,,,,,,,2024-09-09 18:40:53.765579+00:00
893,1,20.1,,,,,,,,,,,,2024-09-09 18:40:58.826107+00:00
894,1,26.01,,,,,,,,,,,,2024-09-09 18:41:03.874046+00:00
895,1,16.0,,,,,,,,,,,,2024-09-09 18:41:08.939764+00:00
896,1,21.1,,,,,,,,,,,,2024-09-09 18:41:14.009404+00:00
897,1,23.55,,,,,,,,,,,,2024-09-09 18:41:19.084479+00:00
898,1,25.53,,,,,,,,,,,,2024-09-09 18:41:24.179299+00:00
899,1,16.21,,,,,,,,,,,,2024-09-09 18:41:29.243471+00:00
900,1,28.54,,,,,,,,,,,,2024-09-09 18:41:34.299628+00:00
901,1,27.13,,,,,,,,,,,,2024-09-09 18:41:39.346809+00:00
902,1,21.11,,,,,,,,,,,,2024-09-09 18:41:44.400843+00:00
903,1,18.96,,,,,,,,,,,,2024-09-09 18:41:49.460136+00:00
904,1,17.53,,,,,,,,,,,,2024-09-09 18:41:54.497439+00:00
905,1,21.72,,,,,,,,,,,,2024-09-09 18:41:59.563243+00:00
906,1,23.64,,,,,,,,,,,,2024-09-09 18:42:04.598051+00:00
907,1,16.24,,,,,,,,,,,,2024-09-09 18:42:09.656144+00:00
908,1,23.6,,,,,,,,,,,,2024-09-09 18:42:14.690758+00:00
909,1,16.2,,,,,,,,,,,,2024-09-09 18:42:19.733437+00:00
910,1,15.3,,,,,,,,,,,,2024-09-09 18:42:24.766525+00:00
911,1,23.67,,,,,,,,,,,,2024-09-09 18:42:29.809419+00:00
912,1,22.02,,,,,,,,,,,,2024-09-09 18:42:34.870651+00:00
913,1,27.85,,,,,,,,,,,,2024-09-09 18:42:40.100354+00:00
914,1,17.94,,,,,,,,,,,,2024-09-09 18:42:45.152667+00:00
915,1,27.94,,,,,,,,,,,,2024-09-09 18:42:50.244971+00:00
916,1,17.38,,,,,,,,,,,,2024-09-09 18:42:55.467657+00:00
917,1,29.25,,,,,,,,,,,,2024-09-09 18:43:00.686863+00:00
918,1,15.63,,,,,,,,,,,,2024-09-09 18:43:05.727672+00:00
919,1,28.2,,,,,,,,,,,,2024-09-09 18:43:10.778690+00:00
920,1,26.5,,,,,,,,,,,,2024-09-09 18:43:15.816036+00:00
921,1,29.09,,,,,,,,,,,,2024-09-09 18:43:20.863030+00:00
922,1,21.54,,,,,,,,,,,,2024-09-09 18:43:25.905495+00:00
923,1,25.77,,,,,,,,,,,,2024-09-09 18:43:30.971859+00:00
924,1,23.03,,,,,,,,,,,,2024-09-09 18:43:36.007225+00:00
925,1,16.2,,,,,,,,,,,,2024-09-09 18:43:41.048235+00:00
926,1,28.68,,,,,,,,,,,,2024-09-09 18:43:46.091771+00:00
927,1,15.53,,,,,,,,,,,,2024-09-09 18:43:51.145293+00:00
928,1,15.31,,,,,,,,,,,,2024-09-09 18:43:56.195465+00:00
929,1,19.39,,,,,,,,,,,,2024-09-09 18:44:01.232263+00:00
930,1,17.02,,,,,,,,,,,,2024-09-09 18:44:06.273043+00:00
931,1,22.89,,,,,,,,,,,,2024-09-09 18:44:11.318118+00:00
932,1,20.79,,,,,,,,,,,,2024-09-09 18:44:16.362185+00:00
933,1,23.96,,,,,,,,,,,,2024-09-09 18:44:21.404213+00:00
934,1,19.08,,,,,,,,,,,,2024-09-09 18:44:26.439732+00:00
935,1,15.29,,,,,,,,,,,,2024-09-09 18:44:31.473731+00:00
936,1,18.02,,,,,,,,,,,,2024-09-09 18:44:36.516891+00:00
937,1,24.0,,,,,,,,,,,,2024-09-09 18:44:41.564518+00:00
938,1,25.66,,,,,,,,,,,,2024-09-09 18:44:46.605796+00:00
939,1,29.45,,,,,,,,,,,,2024-09-09 18:44:51.637652+00:00
940,1,16.85,,,,,,,,,,,,2024-09-09 18:44:56.675450+00:00
941,1,15.63,,,,,,,,,,,,2024-09-09 18:45:01.716136+00:00
942,1,17.93,,,,,,,,,,,,2024-09-09 18:45:06.747660+00:00
943,1,25.97,,,,,,,,,,,,2024-09-09 18:45:11.779960+00:00
944,1,16.54,,,,,,,,,,,,2024-09-09 18:45:16.820451+00:00
945,1,22.03,,,,,,,,,,,,2024-09-09 18:45:21.863975+00:00
946,1,17.38,,,,,,,,,,,,2024-09-09 18:45:26.895657+00:00
947,1,22.11,,,,,,,,,,,,2024-09-09 18:45:31.928751+00:00
948,1,18.64,,,,,,,,,,,,2024-09-09 18:45:36.974738+00:00
949,1,18.13,,,,,,,,,,,,2024-09-09 18:45:42.029325+00:00
950,1,25.09,,,,,,,,,,,,2024-09-09 18:45:47.080206+00:00
951,1,25.39,,,,,,,,,,,,2024-09-09 18:45:52.120068+00:00
952,1,25.41,,,,,,,,,,,,2024-09-09 18:45:57.157824+00:00
953,1,28.1,,,,,,,,,,,,2024-09-09 18:46:02.201582+00:00
954,1,24.8,,,,,,,,,,,,2024-09-09 18:46:07.236349+00:00
955,1,23.96,,,,,,,,,,,,2024-09-09 18:46:12.301115+00:00
956,1,28.81,,,,,,,,,,,,2024-09-09 18:46:17.350282+00:00
957,1,17.36,,,,,,,,,,,,2024-09-09 18:46:22.381795+00:00
958,1,15.58,,,,,,,,,,,,2024-09-09 18:46:27.435919+00:00
959,1,15.72,,,,,,,,,,,,2024-09-09 18:46:32.485566+00:00
960,1,21.64,,,,,,,,,,,,2024-09-09 18:46:37.560620+00:00
961,1,21.12,,,,,,,,,,,,2024-09-09 18:46:42.620402+00:00
962,1,24.0,,,,,,,,,,,,2024-09-09 18:46:47.756267+00:00
963,1,20.88,,,,,,,,,,,,2024-09-09 18:46:52.824675+00:00
964,1,23.34,,,,,,,,,,,,2024-09-09 18:46:57.865464+00:00
965,1,15.21,,,,,,,,,,,,2024-09-09 18:47:02.964010+00:00
966,1,21.08,,,,,,,,,,,,2024-09-09 18:47:08.079573+00:00
967,1,23.92,,,,,,,,,,,,2024-09-09 18:47:13.126650+00:00
968,1,19.14,,,,,,,,,,,,2024-09-09 18:47:18.168805+00:00
969,1,23.41,,,,,,,,,,,,2024-09-09 18:47:23.202569+00:00
970,1,21.95,,,,,,,,,,,,2024-09-09 18:47:28.320836+00:00
971,1,28.91,,,,,,,,,,,,2024-09-09 18:47:33.437292+00:00
972,1,16.14,,,,,,,,,,,,2024-09-09 18:47:38.476523+00:00
973,1,19.06,,,,,,,,,,,,2024-09-09 18:47:43.513600+00:00
974,1,22.54,,,,,,,,,,,,2024-09-09 18:47:48.550622+00:00
975,1,18.49,,,,,,,,,,,,2024-09-09 18:47:53.585269+00:00
976,1,18.92,,,,,,,,,,,,2024-09-09 18:47:58.627758+00:00
977,1,22.35,,,,,,,,,,,,2024-09-09 18:48:03.689958+00:00
978,1,17.8,,,,,,,,,,,,2024-09-09 18:48:08.780294+00:00
979,1,28.4,,,,,,,,,,,,2024-09-09 18:48:13.966300+00:00
980,1,29.11,,,,,,,,,,,,2024-09-09 18:48:19.108344+00:00
981,1,17.46,,,,,,,,,,,,2024-09-09 18:48:24.302946+00:00
982,1,16.15,,,,,,,,,,,,2024-09-09 18:48:29.572474+00:00
983,1,24.89,,,,,,,,,,,,2024-09-09 18:48:34.668619+00:00
984,1,19.56,,,,,,,,,,,,2024-09-09 18:48:39.731433+00:00
985,1,17.15,,,,,,,,,,,,2024-09-09 18:48:44.786777+00:00
986,1,28.12,,,,,,,,,,,,2024-09-09 18:48:49.861861+00:00
987,1,29.12,,,,,,,,,,,,2024-09-09 18:48:54.929259+00:00
988,1,29.04,,,,,,,,,,,,2024-09-09 18:48:59.989057+00:00
989,1,19.58,,,,,,,,,,,,2024-09-09 18:49:05.087668+00:00
990,1,22.63,,,,,,,,,,,,2024-09-09 18:49:10.215734+00:00
991,1,27.28,,,,,,,,,,,,2024-09-09 18:49:15.266300+00:00
992,1,17.96,,,,,,,,,,,,2024-09-09 18:49:20.331474+00:00
993,1,21.15,,,,,,,,,,,,2024-09-09 18:49:25.394276+00:00
994,1,22.63,,,,,,,,,,,,2024-09-09 18:49:30.489203+00:00
995,1,20.52,,,,,,,,,,,,2024-09-09 18:49:36.521918+00:00
996,1,24.44,,,,,,,,,,,,2024-09-09 18:49:41.556119+00:00
997,1,21.65,,,,,,,,,,,,2024-09-09 18:49:46.588571+00:00
998,1,16.09,,,,,,,,,,,,2024-09-09 18:49:51.628210+00:00
999,1,21.47,,,,,,,,,,,,2024-09-09 18:49:56.706157+00:00
1000,1,25.29,,,,,,,,,,,,2024-09-09 18:50:01.793214+00:00
1001,1,28.09,,,,,,,,,,,,2024-09-09 18:50:06.822757+00:00
1002,1,27.2,,,,,,,,,,,,2024-09-09 18:50:11.852244+00:00
1003,1,19.78,,,,,,,,,,,,2024-09-09 18:50:16.900221+00:00
1004,1,15.51,,,,,,,,,,,,2024-09-09 18:50:21.939136+00:00
1005,1,28.0,,,,,,,,,,,,2024-09-09 18:50:27.008097+00:00
1006,1,21.33,,,,,,,,,,,,2024-09-09 18:50:32.180786+00:00
1007,1,16.2,,,,,,,,,,,,2024-09-09 18:50:37.257882+00:00
1008,1,20.59,,,,,,,,,,,,2024-09-09 18:50:42.290726+00:00
1009,1,19.88,,,,,,,,,,,,2024-09-09 18:50:47.322807+00:00
1010,1,21.57,,,,,,,,,,,,2024-09-09 18:50:52.367920+00:00
1011,1,25.55,,,,,,,,,,,,2024-09-09 18:50:57.433582+00:00
1012,1,24.89,,,,,,,,,,,,2024-09-09 18:51:02.494662+00:00
1013,1,28.26,,,,,,,,,,,,2024-09-09 18:51:07.579010+00:00
1014,1,21.7,,,,,,,,,,,,2024-09-09 18:51:12.657282+00:00
1015,1,18.15,,,,,,,,,,,,2024-09-09 18:51:17.721869+00:00
1016,1,22.46,,,,,,,,,,,,2024-09-09 18:51:22.777087+00:00
1017,1,23.37,,,,,,,,,,,,2024-09-09 18:51:27.880514+00:00
1018,1,27.44,,,,,,,,,,,,2024-09-09 18:51:33.010245+00:00
1019,1,17.47,,,,,,,,,,,,2024-09-09 18:51:38.039016+00:00
1020,1,21.79,,,,,,,,,,,,2024-09-09 18:51:43.069818+00:00
1021,1,22.17,,,,,,,,,,,,2024-09-09 18:51:48.099248+00:00
1022,1,26.28,,,,,,,,,,,,2024-09-09 18:51:53.126412+00:00
1023,1,21.06,,,,,,,,,,,,2024-09-09 18:51:58.166548+00:00
1024,1,17.51,,,,,,,,,,,,2024-09-09 18:52:03.196805+00:00
1025,1,28.63,,,,,,,,,,,,2024-09-09 18:52:08.232264+00:00
1026,1,15.26,,,,,,,,,,,,2024-09-09 18:52:13.303042+00:00
1027,1,28.08,,,,,,,,,,,,2024-09-09 18:52:18.343936+00:00
1028,1,27.57,,,,,,,,,,,,2024-09-09 18:52:23.474927+00:00
1029,1,29.77,,,,,,,,,,,,2024-09-09 18:52:28.679661+00:00
1030,1,15.37,,,,,,,,,,,,2024-09-09 18:52:33.880389+00:00
1031,1,21.17,,,,,,,,,,,,2024-09-09 18:52:38.940001+00:00
1032,1,16.95,,,,,,,,,,,,2024-09-09 18:52:44.465723+00:00
1033,1,15.81,,,,,,,,,,,,2024-09-09 18:52:49.589657+00:00
1034,1,21.19,,,,,,,,,,,,2024-09-09 18:52:54.708048+00:00
1035,1,24.78,,,,,,,,,,,,2024-09-09 18:52:59.773510+00:00
1036,1,24.57,,,,,,,,,,,,2024-09-09 18:53:04.828669+00:00
1037,1,29.17,,,,,,,,,,,,2024-09-09 18:53:09.953991+00:00
1038,1,19.22,,,,,,,,,,,,2024-09-09 18:53:15.046408+00:00
1039,1,24.46,,,,,,,,,,,,2024-09-09 18:53:20.186330+00:00
1040,1,24.0,,,,,,,,,,,,2024-09-09 18:53:25.241553+00:00
1041,1,20.26,,,,,,,,,,,,2024-09-09 18:53:30.331891+00:00
1042,1,18.19,,,,,,,,,,,,2024-09-09 18:53:35.443884+00:00
1043,1,25.53,,,,,,,,,,,,2024-09-09 18:53:40.527349+00:00
1044,1,24.97,,,,,,,,,,,,2024-09-09 18:53:45.625131+00:00
1045,1,23.09,,,,,,,,,,,,2024-09-09 18:53:50.744301+00:00
1046,1,27.77,,,,,,,,,,,,2024-09-09 18:53:55.827964+00:00
1047,1,24.73,,,,,,,,,,,,2024-09-09 18:54:00.971108+00:00
1048,1,18.16,,,,,,,,,,,,2024-09-09 18:54:06.292684+00:00
1049,1,27.11,,,,,,,,,,,,2024-09-09 18:54:11.724151+00:00
1050,1,27.55,,,,,,,,,,,,2024-09-09 18:54:17.307106+00:00
1051,1,24.98,,,,,,,,,,,,2024-09-09 18:54:23.212480+00:00
1052,1,21.93,,,,,,,,,,,,2024-09-09 18:54:28.436362+00:00
1053,1,29.43,,,,,,,,,,,,2024-09-09 18:54:33.553644+00:00
1054,1,25.83,,,,,,,,,,,,2024-09-09 18:54:38.636680+00:00
1055,1,22.45,,,,,,,,,,,,2024-09-09 18:54:43.712823+00:00
1056,1,18.43,,,,,,,,,,,,2024-09-09 18:54:48.788161+00:00
1057,1,15.26,,,,,,,,,,,,2024-09-09 18:54:53.833475+00:00
1058,1,29.53,,,,,,,,,,,,2024-09-09 18:54:58.893228+00:00
1059,1,16.18,,,,,,,,,,,,2024-09-09 18:55:03.946941+00:00
1060,1,15.04,,,,,,,,,,,,2024-09-09 18:55:08.984620+00:00
1061,1,29.04,,,,,,,,,,,,2024-09-09 18:55:14.015701+00:00
1062,1,27.26,,,,,,,,,,,,2024-09-09 18:55:19.055878+00:00
1063,1,23.4,,,,,,,,,,,,2024-09-09 18:55:24.113958+00:00
1064,1,21.67,,,,,,,,,,,,2024-09-09 18:55:29.148298+00:00
1065,1,28.34,,,,,,,,,,,,2024-09-09 18:55:34.180764+00:00
1066,1,16.99,,,,,,,,,,,,2024-09-09 18:55:39.215343+00:00
1067,1,17.57,,,,,,,,,,,,2024-09-09 18:55:44.250454+00:00
1068,1,26.29,,,,,,,,,,,,2024-09-09 18:55:49.285441+00:00
1069,1,25.6,,,,,,,,,,,,2024-09-09 18:55:54.318192+00:00
1070,1,19.24,,,,,,,,,,,,2024-09-09 18:55:59.369455+00:00
1071,1,21.22,,,,,,,,,,,,2024-09-09 18:56:04.544033+00:00
1072,1,18.85,,,,,,,,,,,,2024-09-18 09:58:45.315885+00:00
1073,1,15.15,,,,,,,,,,,,2024-09-18 09:58:46.397603+00:00
1074,1,21.72,,,,,,,,,,,,2024-09-18 09:58:47.431878+00:00
1075,1,23.07,,,,,,,,,,,,2024-09-18 09:58:48.526982+00:00
1076,1,29.92,,,,,,,,,,,,2024-09-18 09:58:49.632215+00:00
1077,1,16.73,,,,,,,,,,,,2024-09-18 09:58:50.688913+00:00
1078,1,25.36,,,,,,,,,,,,2024-09-18 09:58:51.727638+00:00
1079,1,27.7,,,,,,,,,,,,2024-09-18 09:58:52.767806+00:00
1080,1,15.53,,,,,,,,,,,,2024-09-18 09:58:53.810183+00:00
1081,1,17.45,,,,,,,,,,,,2024-09-18 09:58:54.853384+00:00
1082,1,15.87,,,,,,,,,,,,2024-09-18 09:58:55.891762+00:00
1083,1,27.99,,,,,,,,,,,,2024-09-18 09:58:56.936048+00:00
1084,1,28.28,,,,,,,,,,,,2024-09-18 09:58:57.978360+00:00
1085,1,28.09,,,,,,,,,,,,2024-09-18 09:58:59.029392+00:00
1086,1,21.94,,,,,,,,,,,,2024-09-18 09:59:00.061826+00:00
1087,1,21.67,,,,,,,,,,,,2024-09-18 09:59:01.098698+00:00
1088,1,20.56,,,,,,,,,,,,2024-09-18 09:59:02.175409+00:00
1089,1,16.3,,,,,,,,,,,,2024-09-18 09:59:03.273737+00:00
1090,1,20.75,,,,,,,,,,,,2024-09-18 09:59:04.303637+00:00
1091,1,29.55,,,,,,,,,,,,2024-09-18 09:59:05.417025+00:00
1092,1,26.93,,,,,,,,,,,,2024-09-18 09:59:06.477901+00:00
1093,1,19.71,,,,,,,,,,,,2024-09-18 09:59:07.549588+00:00
1094,1,16.68,,,,,,,,,,,,2024-09-18 09:59:08.700928+00:00
1095,1,22.77,,,,,,,,,,,,2024-09-18 09:59:09.942331+00:00
1096,1,18.97,,,,,,,,,,,,2024-09-18 09:59:11.227812+00:00
1097,1,29.57,,,,,,,,,,,,2024-09-18 09:59:12.282824+00:00
1098,1,22.37,,,,,,,,,,,,2024-09-18 09:59:13.336250+00:00
1099,1,27.5,,,,,,,,,,,,2024-09-18 09:59:14.394822+00:00
1100,1,15.03,,,,,,,,,,,,2024-09-18 09:59:15.459775+00:00
1101,1,15.93,,,,,,,,,,,,2024-09-18 09:59:16.498851+00:00
1102,1,29.95,,,,,,,,,,,,2024-09-18 09:59:17.589337+00:00
1103,1,24.42,,,,,,,,,,,,2024-09-18 09:59:18.656803+00:00
1104,1,19.24,,,,,,,,,,,,2024-09-18 09:59:19.704316+00:00
1105,1,24.48,,,,,,,,,,,,2024-09-18 09:59:20.762159+00:00
1106,1,17.08,,,,,,,,,,,,2024-09-18 09:59:21.798774+00:00
1107,1,18.7,,,,,,,,,,,,2024-09-18 11:21:53.314664+00:00
1108,1,22.23,,,,,,,,,,,,2024-09-18 11:22:03.383414+00:00
1109,1,16.37,,,,,,,,,,,,2024-09-18 11:22:13.417571+00:00
1110,1,22.41,,,,,,,,,,,,2024-09-18 11:22:23.443648+00:00
1111,1,16.45,,,,,,,,,,,,2024-09-18 11:22:33.480349+00:00
1112,1,15.76,,,,,,,,,,,,2024-09-18 11:22:43.508848+00:00
1113,1,26.12,,,,,,,,,,,,2024-09-18 11:22:53.568485+00:00
1114,1,27.85,,,,,,,,,,,,2024-09-18 11:23:03.669743+00:00
1115,1,22.76,,,,,,,,,,,,2024-09-18 11:23:13.695776+00:00
1116,1,22.09,,,,,,,,,,,,2024-09-18 11:23:23.725740+00:00
1117,1,17.58,,,,,,,,,,,,2024-09-18 11:23:33.757921+00:00
1118,1,16.66,,,,,,,,,,,,2024-09-18 11:23:43.785160+00:00
